id_protein,protein_name,tags,tags_reason,tags_description,protein_multidata_id
0,ESR1_HUMAN,,,,0
1,RORB_HUMAN,,,,1
2,ABCA1_HUMAN,,,,2
3,NR1H3_HUMAN,,,,3
4,GCR_HUMAN,,,,4
5,TAFA5_HUMAN,,,,5
6,PROCR_HUMAN,,,,6
7,TAFA4_HUMAN,,,,7
8,G37L1_HUMAN,,,,8
9,NR1H4_HUMAN,,,,9
10,AMRP_HUMAN,,,,10
11,RENR_HUMAN,,,,11
12,ANDR_HUMAN,,,,12
13,NXNL1_HUMAN,,,,13
14,NR1H2_HUMAN,,,,14
15,RORA_HUMAN,,,,15
16,THA_HUMAN,,,,16
17,RORG_HUMAN,,,,17
18,GP15L_HUMAN,,,,18
19,TSP2_HUMAN,,,,19
20,FRIH_HUMAN,,,,20
21,MCR_HUMAN,,,,21
22,PPARG_HUMAN,,,,22
23,PRGR_HUMAN,,,,23
24,THB_HUMAN,,,,24
25,FRIL_HUMAN,,,,25
26,PPARD_HUMAN,,,,26
27,NR1I2_HUMAN,,,,27
28,ESR2_HUMAN,,,,28
29,TAFA1_HUMAN,,,,29
30,VDR_HUMAN,,,,30
31,PPARA_HUMAN,,,,31
32,5HT3E_HUMAN,,,,32
33,CO6A6_HUMAN,,,Collagen,33
34,CO6A5_HUMAN,,,Collagen,34
35,KLRF2_HUMAN,To_comment,Extracellular_add,,35
36,HLAA,,,,36
37,HLAB,,,,37
38,HLAC,,,,38
39,FZD9_HUMAN,To_comment,Extracellular_add,,39
40,CCL24_HUMAN,,,,40
41,LEG9_HUMAN,To_comment,secretedhigh_add | peripheral_add,Ligand for HAVCR2/TIM3 (uniprot),41
42,TR10A_HUMAN,To_add,,TNF_receptor_add (uniprot),42
43,CORT_HUMAN,,,,43
44,BMR1B_HUMAN,,,,44
45,SIRB1_HUMAN,To_add | To_comment,Receptor_add,Iglike | Receptor_add,45
46,AGRP_HUMAN,,,,46
47,LFTY2_HUMAN,,,,47
48,TULP1_HUMAN,,,,48
49,TR11B_HUMAN,,,,49
50,CCRL2_HUMAN,,,,50
51,GFRA2_HUMAN,,,,51
52,AGRIN_HUMAN,,,,52
53,DLL1_HUMAN,,,,53
54,CXCR6_HUMAN,,,,54
55,RNT2_HUMAN,,,,55
56,CCL21_HUMAN,,,,56
57,ACKR2_HUMAN,,,,57
58,PODXL_HUMAN,,,Migration,58
59,CCL22_HUMAN,,,,59
60,WNT7A_HUMAN,,,,60
61,NRG2_HUMAN,,,,61
62,CXL11_HUMAN,,,,62
63,TR10B_HUMAN,To_add,,TNF_receptor_add (uniprot),63
64,NRP1_HUMAN,,,,64
65,TNF11_HUMAN,,,,65
66,GDF8_HUMAN,,,,66
67,TR10C_HUMAN,,,,67
68,TR13B_HUMAN,To_add,,TNF_family (uniprot),68
69,WNT9A_HUMAN,,,,69
70,WNT9B_HUMAN,,,,70
71,NCTR3_HUMAN,To_comment,Extracellular_add,,71
72,EREG_HUMAN,,,,72
73,PLXB2_HUMAN,,,,73
74,SEM3E_HUMAN,,,,74
75,ANGP2_HUMAN,,,,75
76,MUSK_HUMAN,,,,76
77,GPR37_HUMAN,,,,77
78,CCL25_HUMAN,,,,78
79,CCL16_HUMAN,,,,79
80,FGF10_HUMAN,,,,80
81,PLXB1_HUMAN,,,Migration,81
82,MTLR_HUMAN,,,,82
83,DHH_HUMAN,,,,83
84,TNF12_HUMAN,,,,84
85,GON2_HUMAN,,,,85
86,TNF14_HUMAN,,,,86
87,GALR2_HUMAN,,,,87
88,OREX_HUMAN,To_add | To_comment,secreted_add | extracellular_add,Genecards: hypothalamic neuropeptide precursor protein,88
89,OX1R_HUMAN,,,,89
90,OX2R_HUMAN,,,,90
91,TYOBP_HUMAN,To_add,,complex,91
92,VEGFD_HUMAN,,,,92
93,EFNA2_HUMAN,To_comment,extracellular_add,ligandIUPHAR,93
94,CXL13_HUMAN,,,,94
95,FGF17_HUMAN,,,,95
96,FZD6_HUMAN,To_comment,Extracellular_add,,96
97,GDF9_HUMAN,,,,97
98,NRP2_HUMAN,To_add | To_comment,secretedhigh_add,High affinity receptor for semaphorins | Growthfactor (uniprot),98
99,DSCAM_HUMAN,,,,99
100,PLXC1_HUMAN,To_add | To_comment,transmembrane_add | receptor_add | extracellular_add,"Uniprot: Receptor for SEMA7A, for smallpox semaphorin A39R, vaccinia virus semaphorin A39R and for herpesvirus Sema protein",100
101,CUBN_HUMAN,,,,101
102,PSPN_HUMAN,,,,102
103,GFRA3_HUMAN,,,,103
104,GALR3_HUMAN,,,,104
105,RAMP1_HUMAN,To_add,,complex,105
106,RAMP2_HUMAN,To_add,,complex,106
107,RAMP3_HUMAN,,,,107
108,PLXA2_HUMAN,,,,108
109,FZD7_HUMAN,To_comment,Extracellular_add,,109
110,SLIT1_HUMAN,,,,110
111,LRP4_HUMAN,To_add,,ligandIUPHAR,111
112,ICOSL_HUMAN,To_add|To_comment,Extracellular_add,Iglike,112
113,LRP5_HUMAN,To_add | To_comment,extracellular_add,Component of the Wnt-Fzd-LRP5-LRP6 complex (uniprot),113
114,SEM7A_HUMAN,,,Possible_receptor,114
115,LGR5_HUMAN,,,,115
116,TNR21_HUMAN,,,,116
117,ITA10_HUMAN,To_add,,Integrin (uniprot),117
118,LRP6_HUMAN,,,,118
119,LFTY1_HUMAN,,,,119
120,TNF13_HUMAN,,,,120
121,SLIT2_HUMAN,,,,121
122,DKK1_HUMAN,,,,122
123,S1PR2_HUMAN,,,,123
124,TNF15_HUMAN,,,,124
125,UNC5C_HUMAN,,,,125
126,I18RA_HUMAN,To_add,,Iglike,126
127,5HT3B_HUMAN,,,,127
128,GDF11_HUMAN,,,,128
129,BMP10_HUMAN,,,,129
130,UTS2_HUMAN,,,,130
131,TNF6B_HUMAN,,,,131
132,NET1_HUMAN,,,,132
133,CXL14_HUMAN,,,,133
134,CRTAM_HUMAN,To_add | To_comment,Extracellular_add,Iglike | Possible_receptor,134
135,FGF19_HUMAN,,,,135
136,IL33_HUMAN,,,,136
137,GPR75_HUMAN,,,,137
138,CER1_HUMAN,,,,138
139,GLP2R_HUMAN,,,,139
140,BY55_HUMAN,,,,140
141,BMP15_HUMAN,,,,141
142,WNT11_HUMAN,,,,142
143,EGFR_HUMAN,,,,143
144,THRB_HUMAN,,,,144
145,FA10_HUMAN,,,,145
146,PLMN_HUMAN,,,,146
147,UROK_HUMAN,,,,147
148,RENI_HUMAN,,,,148
149,ANGT_HUMAN,,,,149
150,CO3_HUMAN,,,,150
151,CO5_HUMAN,,,,151
152,KNG1_HUMAN,,,,152
153,PDGFB_HUMAN,,,,153
154,EGF_HUMAN,To_add | To_comment,secreted_add | secreted_high| extracellular _add,Uniprot: EGF stimulates the growth of various epidermal and epithelial tissues in vivo and in vitro and of some fibroblasts in cell culture.,154
155,TGFA_HUMAN,,,,155
156,TGFB1_HUMAN,,,,156
157,NGF_HUMAN,,,,157
158,GON1_HUMAN,,,,158
159,ANF_HUMAN,,,,159
160,NEU1_HUMAN,,,,160
161,NEU2_HUMAN,,,,161
162,COLI_HUMAN,,,,162
163,PENK_HUMAN,,,,163
164,PDYN_HUMAN,,,,164
165,TSHB_HUMAN,,,,165
166,FSHB_HUMAN,,,,166
167,LSHB_HUMAN,,,,167
168,PRL_HUMAN,,,,168
169,SOMA_HUMAN,,,,169
170,SOM2_HUMAN,,,,170
171,CALC_HUMAN,,,,171
172,THYG_HUMAN,,,,172
173,PTHY_HUMAN,,,,173
174,GLUC_HUMAN,,,,174
175,VIP_HUMAN,,,,175
176,SLIB_HUMAN,,,,176
177,INS_HUMAN,,,,177
178,IGF2_HUMAN,,,,178
179,GAST_HUMAN,,,,179
180,TNFB_HUMAN,,,,180
181,TNFA_HUMAN,,,,181
182,IFNA1,,,,182
183,IFNA2_HUMAN,,,,183
184,IFN10_HUMAN,,,,184
185,IFNA7_HUMAN,,,,185
186,IFN21_HUMAN,,,,186
187,IFNA5_HUMAN,,,,187
188,IFN14_HUMAN,,,,188
189,IFN17_HUMAN,,,,189
190,IFNB_HUMAN,,,,190
191,IFNG_HUMAN,,,,191
192,IL1A_HUMAN,,,,192
193,IL1B_HUMAN,,,,193
194,EPO_HUMAN,,,,194
195,IL2RA_HUMAN,To_add,,Cytokine_receptor_add (uniprot),195
196,CD8A_HUMAN,To_comment,Receptor_add,,196
197,CO1A1_HUMAN,,,collagen,197
198,CO2A1_HUMAN,,,collagen,198
199,CO3A1_HUMAN,,,collagen,199
200,CO4A1_HUMAN,,,collagen,200
201,APOA1_HUMAN,,,,201
202,APOE_HUMAN,,,,202
203,APOA2_HUMAN,,,,203
204,FIBA_HUMAN,,,,204
205,FIBB_HUMAN,,,,205
206,FIBG_HUMAN,,,,206
207,ACHA_HUMAN,,,,207
208,FINC_HUMAN,,,,208
209,RET4_HUMAN,,,,209
210,ALBU_HUMAN,,,,210
211,CXCL7_HUMAN,,,,211
212,PLF4_HUMAN,,,,212
213,CXL10_HUMAN,,,,213
214,TFR1_HUMAN,,,,214
215,TRFE_HUMAN,,,,215
216,MIS_HUMAN,,,,216
217,VTNC_HUMAN,,,,217
218,PROC_HUMAN,,,,218
219,ANXA1_HUMAN,,,,219
220,PDGFA_HUMAN,,,,220
221,REL2_HUMAN,,,,221
222,APOB_HUMAN,,,,222
223,CSF2_HUMAN,,,,223
224,THY1_HUMAN,,,,224
225,HG2A_HUMAN,To_comment,Receptor_add,Chemokine_receptor_add,225
226,VWF_HUMAN,,,,226
227,ERBB2_HUMAN,,,,227
228,WNT1_HUMAN,,,,228
229,NTRK1_HUMAN,,,,229
230,IFNW1_HUMAN,,,,230
231,IFNA6_HUMAN,,,,231
232,IFNA4_HUMAN,,,,232
233,IFN16_HUMAN,,,,233
234,IGF1_HUMAN,,,,234
235,A4_HUMAN,To_add,,ligandIUPHAR,235
236,ITB3_HUMAN,,,Migration,236
237,ITB2_HUMAN,To_add,,Integrin (uniprot),237
238,INHA_HUMAN,,,,238
239,IL4_HUMAN,,,,239
240,IL5_HUMAN,,,,240
241,FGF1_HUMAN,,,,241
242,IL6_HUMAN,,,,242
243,ICAM1_HUMAN,To_add | To_comment,,Iglike | ligandIUPHAR,243
244,ITB1_HUMAN,,,Migration,244
245,CO5A2_HUMAN,,,Collagen,245
246,INSR_HUMAN,,,,246
247,LCK_HUMAN,To_comment,Extracellular_add,,247
248,CCKN_HUMAN,,,,248
249,CD2_HUMAN,To_add | To_comment,Receptor_add,Iglike | Receptor_add,249
250,CEAM5_HUMAN,To_comment,Adhesion_add,,250
251,FCER2_HUMAN,,,,251
252,ITAV_HUMAN,To_add | To_comment,Adhesion_add,Migration | Adhesion_add (uniprot),252
253,CRF_HUMAN,,,,253
254,TRBM_HUMAN,To_add,,endothelial cell receptor (uniprot),254
255,PDIA1_HUMAN,,,,255
256,CSF1R_HUMAN,,,,256
257,GP1BA_HUMAN,To_add,,a surface membrane protein of platelets (uniprot),257
258,GRP_HUMAN,,,,258
259,ADRB2_HUMAN,,,,259
260,SAP_HUMAN,,,,260
261,RET_HUMAN,,,,261
262,TSP1_HUMAN,To_add | To_comment,Extracellular_add,Adhesive glycoprotein that mediates cell-to-cell and cell-to-matrix interactions (uniprot),262
263,IGF1R_HUMAN,,,,263
264,CO1A2_HUMAN,,,Collagen,264
265,TNR16_HUMAN,To_add,,TNF_receptor_add (uniprot),265
266,ACM2_HUMAN,,,,266
267,ACM4_HUMAN,,,,267
268,DAF_HUMAN,,,,268
269,MMP2_HUMAN,,,,269
270,INHBA_HUMAN,,,,270
271,ITA2B_HUMAN,To_add,,Integrin (uniprot),271
272,CO4A2_HUMAN,,,Collagen,272
273,PTPRC_HUMAN,To_add | To_comment,transmembrane_add | extracellular_add,Uniprot: Protein tyrosine-protein phosphatase required for T-cell activation,273
274,MET_HUMAN,To_add | To_comment,transmembrane_add | receptor_add | extracellular_add,,274
275,ADRB1_HUMAN,,,,275
276,FGF4_HUMAN,,,,276
277,ITA5_HUMAN,To_add,,Integrin (uniprot),277
278,IL3_HUMAN,,,,278
279,IL6RA_HUMAN,,,,279
280,5HT1A_HUMAN,,,,280
281,ACM5_HUMAN,,,,281
282,ADA2A_HUMAN,,,,282
283,NMB_HUMAN,,,,283
284,FGF2_HUMAN,,,,284
285,DOPO_HUMAN,,,,285
286,CD48_HUMAN,To_comment,Extracellular_add,,286
287,GROA_HUMAN,,,,287
288,INHBB_HUMAN,,,,288
289,WNT2_HUMAN,,,,289
290,CSF1_HUMAN,,,,290
291,PGFRB_HUMAN,To_comment,,Migration,291
292,GIP_HUMAN,,,,292
293,SECR_HUMAN,,,,293
294,LOX5_HUMAN,To_add,,,294
295,CSF3_HUMAN,,,,295
296,CO4A_HUMAN,,,,296
297,NPS_HUMAN,,,,297
298,CFC1_HUMAN,,,,298
299,SAA1_HUMAN,,,,299
300,ELA_HUMAN,,,,300
301,AA3R_HUMAN,,,,301
302,CALCB_HUMAN,,,,302
303,IL8_HUMAN,,,,303
304,CCL3_HUMAN,,,,304
305,OSTP_HUMAN,,,,305
306,TGFB3_HUMAN,To_add | To_comment,extracellular_add,TGFbeta_family | ligandIUPHAR,306
307,KIT_HUMAN,,,,307
308,CD28_HUMAN,To_add | To_comment,Extracellular_add,Iglike,308
309,FGF6_HUMAN,,,,309
310,CLUS_HUMAN,,,,310
311,GHR_HUMAN,,,,311
312,CD8B_HUMAN,To_comment,Receptor_add,,312
313,IAPP_HUMAN,,,,313
314,LAMC1_HUMAN,,,laminin,314
315,ITAM_HUMAN,To_add,,Integrin (uniprot),315
316,ACM1_HUMAN,,,,316
317,BCR_HUMAN,,,,317
318,FGFR1_HUMAN,To_comment,,Migration,318
319,FGF3_HUMAN,,,,319
320,MPRI_HUMAN,To_add | To_comment,transmembrane_add | receptor_add | extracellular_add,,320
321,FGF5_HUMAN,,,,321
322,COBA1_HUMAN,,,Collagen,322
323,CO6A1_HUMAN,,,Collagen,323
324,CO6A2_HUMAN,,,Collagen,324
325,CO6A3_HUMAN,,,Collagen,325
326,PTHR_HUMAN,,,,326
327,BMP2_HUMAN,,,,327
328,BMP4_HUMAN,,,,328
329,CADH1_HUMAN,,,Cadherin,329
330,MOTI_HUMAN,,,,330
331,GP1BB_HUMAN,To_add,,surface membrane protein of platelets (uniprot),331
332,IL7_HUMAN,,,,332
333,CCL4_HUMAN,,,,333
334,TDGF1_HUMAN,,,,334
335,CCL2_HUMAN,,,,335
336,CCL5_HUMAN,,,,336
337,NCAM1_HUMAN,,,,337
338,ICAM2_HUMAN,To_add | To_comment,Extracellular_add,Iglike | ligandIUPHAR,338
339,ITA4_HUMAN,To_add,,Integrin (uniprot),339
340,CEAM1_HUMAN,To_comment,Extracellular_add,Migration,340
341,ONCM_HUMAN,,,,341
342,HLAE_HUMAN,To_add | To_comment,Extracellular_add,Iglike,342
343,COBA2_HUMAN,,,Collagen,343
344,ADRB3_HUMAN,,,,344
345,LYAM1_HUMAN,To_add,,Cell surface adhesion protein (uniprot),345
346,CD99_HUMAN,To_add,,Involved in T-cell adhesion (uniprot),346
347,HGF_HUMAN,To_add | To_comment,secreted_add | secreted_high | extracellular_add,"Uniprot: Potent mitogen for mature parenchymal hepatocyte cells, seems to be a hepatotrophic factor, and acts as a growth factor for a broad spectrum of tissues and cell types.",347
348,DRD2_HUMAN,,,,348
349,PA2GA_HUMAN,,,,349
350,IL1R1_HUMAN,,,,350
351,IL2RB_HUMAN,To_add,,cytokine_receptor,351
352,LIF_HUMAN,,,,352
353,PVR_HUMAN,,,,353
354,IL9_HUMAN,,,,354
355,INGR1_HUMAN,,,,355
356,EZRI_HUMAN,,,,356
357,CSF2R_HUMAN,,,,357
358,AREG_HUMAN,To_add | To_comment,secreted_add | secreted_high | extracellular_add,"Uniprot: Ligand of the EGF receptor/EGFR. Autocrine growth factor as well as a mitogen for a broad range of target cells including astrocytes, Schwann cells and fibroblasts.",358
359,MCP_HUMAN,To_add,,costimulatory factor (uniprot),359
360,VEGFA_HUMAN,,,,360
361,CD1D_HUMAN,,,,361
362,ANPRA_HUMAN,To_add,,Receptor (uniprot),362
363,CD44_HUMAN,,,,363
364,LYAM3_HUMAN,To_add,,Ca2+-dependent receptor (uniprot),364
365,ITB4_HUMAN,,,Integrin,365
366,LEUK_HUMAN,To_add | To_comment,transmembrane_add | extracellular_add,Uniprot: cell surface sialoprotein,366
367,PGFRA_HUMAN,,,,367
368,PECA1_HUMAN,,,,368
369,CTLA4_HUMAN,To_comment,Extracellular_add,,369
370,DPEP1_HUMAN,,,,370
371,PRLR_HUMAN,To_add,,cytokine_receptor,371
372,TSHR_HUMAN,,,,372
373,LYAM2_HUMAN,,,,373
374,CCL3L1,,,,374
375,CD36_HUMAN,,,,375
376,IL7RA_HUMAN,,,,376
377,INAR1_HUMAN,,,,377
378,ITA2_HUMAN,To_add,,Integrin (uniprot),378
379,ACHB2_HUMAN,,,,379
380,LEG3_HUMAN,,,,380
381,IBP3_HUMAN,,,,381
382,VGFR1_HUMAN,,,Migration,382
383,BMP7_HUMAN,,,,383
384,ITB5_HUMAN,To_add,,Integrin (uniprot),384
385,ADA2B_HUMAN,To_remove,,no ensembl,385
386,PACA_HUMAN,,,,386
387,IL1RA_HUMAN,,,,387
388,ITB6_HUMAN,To_add,,Integrin (uniprot),388
389,LAG3_HUMAN,To_add | To_comment,,Iglike | Possible_receptor,389
390,ADA2C_HUMAN,,,,390
391,CADH2_HUMAN,,,Migration,391
392,EPOR_HUMAN,,,,392
393,LFA3_HUMAN,To_comment,Extracellular_add,,393
394,VCAM1_HUMAN,To_add | To_comment,,Iglike | ligandIUPHAR,394
395,TNR1A_HUMAN,,,,395
396,GGT1_HUMAN,,,,396
397,CXCL2_HUMAN,,,,397
398,CXCL3_HUMAN,,,,398
399,CR2_HUMAN,To_add,,Receptor for complement C3Dd (uniprot),399
400,CD22_HUMAN,To_comment,Receptor_add,,400
401,AL5AP_HUMAN,To_add,,,401
402,ACM3_HUMAN,,,,402
403,TNR1B_HUMAN,,,,403
404,TKN1_HUMAN,,,,404
405,MCH_HUMAN,,,,405
406,TRH_HUMAN,,,,406
407,ITAL_HUMAN,To_comment,Extracellular_add,Integrin,407
408,ITAX_HUMAN,To_add,,Integrin (uniprot),408
409,NTF3_HUMAN,,,,409
410,IL11_HUMAN,,,,410
411,EFNA1_HUMAN,To_comment,extracellular_add,ligandIUPHAR,411
412,CO9A1_HUMAN,,,Collagen,412
413,CO5A1_HUMAN,,,Collagen,413
414,PTN_HUMAN,,,,414
415,NK2R_HUMAN,,,,415
416,FPR1_HUMAN,,,,416
417,CNR1_HUMAN,,,,417
418,SCF_HUMAN,,,,418
419,EPHA1_HUMAN,,,,419
420,DRD1_HUMAN,,,,420
421,C5AR1_HUMAN,,,,421
422,TA2R_HUMAN,,,,422
423,MK_HUMAN,,,,423
424,FGF7_HUMAN,,,,424
425,FGFR2_HUMAN,,,,425
426,CD72_HUMAN,To_add | To_comment,Extracellular_add,Plays a role in B-cell proliferation and differentiation (uniprot),426
427,ERBB3_HUMAN,,,,427
428,DRD4_HUMAN,,,,428
429,DRD5_HUMAN,,,,429
430,BMP5_HUMAN,,,,430
431,BMP6_HUMAN,,,,431
432,CADH3_HUMAN,,,Cadherin,432
433,IL10_HUMAN,,,,433
434,CCL1_HUMAN,,,,434
435,FGFR4_HUMAN,,,Migration,435
436,GALA_HUMAN,,,,436
437,FGFR3_HUMAN,,,,437
438,LSHR_HUMAN,,,,438
439,MRC1_HUMAN,,,,439
440,ITA6_HUMAN,,,Integrin,440
441,PTPRZ_HUMAN,,,,441
442,TNFL4_HUMAN,To_add,,ligandIUPHAR,442
443,BDNF_HUMAN,,,,443
444,FSHR_HUMAN,,,,444
445,IL4RA_HUMAN,,,,445
446,TENA_HUMAN,,,,446
447,HRH2_HUMAN,,,,447
448,CXCR1_HUMAN,,,,448
449,CXCR2_HUMAN,,,,449
450,CO8A2_HUMAN,,,Collagen,450
451,FPR3_HUMAN,,,,451
452,FPR2_HUMAN,,,,452
453,ADA1D_HUMAN,,,,453
454,NK1R_HUMAN,,,,454
455,TNR6_HUMAN,,,,455
456,TNR5_HUMAN,To_comment,Extracellular_add,,456
457,ITB7_HUMAN,To_add,,Integrin (uniprot),457
458,ITB8_HUMAN,To_add,,Integrin (uniprot),458
459,CNTF_HUMAN,To_add,,ligandIUPHAR,459
460,NKG2A_HUMAN,To_add | To_comment,Extracellular_add,KLR_add (uniprot),460
461,NKG2C_HUMAN,To_add | To_comment,Extracellular_add,KLR_add (uniprot),461
462,NKG2D_HUMAN,To_comment,Extracellular_add,,462
463,CD27_HUMAN,To_add,,Cytokine_receptor_add (uniprot),463
464,IL3RA_HUMAN,To_add,,cytokine_receptor,464
465,CNTFR_HUMAN,,,,465
466,AVR2A_HUMAN,To_add,,complex (uniprot),466
467,DPP4_HUMAN,,,,467
468,GDF1_HUMAN,,,,468
469,IL1R2_HUMAN,,,,469
470,5HT1D_HUMAN,,,,470
471,5HT1B_HUMAN,,,,471
472,5HT2A_HUMAN,,,,472
473,5HT2C_HUMAN,,,,473
474,NMBR_HUMAN,,,,474
475,5HT1E_HUMAN,,,,475
476,CD34_HUMAN,To_add,,Possible adhesion molecule (uniprot),476
477,CD38_HUMAN,To_add,,moonlights as a receptor in cells of the immune system (uniprot),477
478,TNR8_HUMAN,,,,478
479,AA2AR_HUMAN,,,,479
480,AA2BR_HUMAN,,,,480
481,EPHA2_HUMAN,,,Migration,481
482,EPHA3_HUMAN,,,Migration,482
483,EPHA8_HUMAN,,,,483
484,EPHB2_HUMAN,To_comment,Adhesion_add,,484
485,NK3R_HUMAN,,,,485
486,IL12A_HUMAN,,,,486
487,IL12B_HUMAN,,,,487
488,CD40L_HUMAN,,,,488
489,CD6_HUMAN,,,,489
490,BKRB2_HUMAN,,,,490
491,V2R_HUMAN,,,,491
492,UFO_HUMAN,,,,492
493,ACHA5_HUMAN,,,,493
494,AA1R_HUMAN,,,,494
495,GRPR_HUMAN,,,,495
496,AGTR1_HUMAN,,,,496
497,OXYR_HUMAN,,,,497
498,SSR1_HUMAN,,,,498
499,SSR2_HUMAN,,,,499
500,ACHB4_HUMAN,,,,500
501,5HT1F_HUMAN,,,,501
502,GNRHR_HUMAN,,,,502
503,CALCR_HUMAN,,,,503
504,NEUT_HUMAN,,,,504
505,CD52_HUMAN,,,,505
506,FGF9_HUMAN,,,,506
507,SSR4_HUMAN,,,Migration,507
508,IL2RG_HUMAN,To_add,,cytokine_receptor,508
509,CEAM8_HUMAN,To_comment,Adhesion_add,,509
510,L1CAM_HUMAN,,,,510
511,CCKAR_HUMAN,,,,511
512,GASR_HUMAN,,,,512
513,VIPR1_HUMAN,,,,513
514,MC4R_HUMAN,,,,514
515,CCR1_HUMAN,,,,515
516,CCR7_HUMAN,,,,516
517,ACHA3_HUMAN,,,,517
518,CXCR5_HUMAN,,,,518
519,SSR3_HUMAN,,,,519
520,IFNA8_HUMAN,,,,520
521,IL3RB_HUMAN,To_add,,cytokine_receptor,521
522,ICAM3_HUMAN,To_add | To_comment,Extracellular_add,Iglike,522
523,CD70_HUMAN,To_add | To_comment,secreted_highlight,Cytokine that binds to CD27 (uniprot),523
524,TNFL8_HUMAN,To_add,,ligandIUPHAR,524
525,MC5R_HUMAN,,,,525
526,CD80_HUMAN,To_add | To_comment,Extracellular_add,Iglike,526
527,NTF4_HUMAN,,,,527
528,RYK_HUMAN,To_remove,,no ensembl,528
529,5HT7R_HUMAN,,,,529
530,CNR2_HUMAN,,,,530
531,TRFR_HUMAN,,,,531
532,PE2R1_HUMAN,,,,532
533,CRFR1_HUMAN,,,,533
534,BTC_HUMAN,,,,534
535,IL13_HUMAN,,,,535
536,ADML_HUMAN,,,,536
537,SSR5_HUMAN,,,,537
538,ADA1A_HUMAN,,,,538
539,HRH1_HUMAN,,,,539
540,ADA1B_HUMAN,,,,540
541,OPRM_HUMAN,,,,541
542,PE2R4_HUMAN,,,,542
543,APJ_HUMAN,,,,543
544,DRD3_HUMAN,,,,544
545,FBN1_HUMAN,,,,545
546,BASI_HUMAN,,,Possible_receptor,546
547,VGFR3_HUMAN,,,,547
548,VGFR2_HUMAN,,,,548
549,ACHA7_HUMAN,,,,549
550,FLT3_HUMAN,To_add | To_comment,Extracellular_add,Iglike,550
551,BMR1A_HUMAN,To_add | To_comment,Extracellular_add,complex (uniprot),551
552,ACV1B_HUMAN,,,IUPHAR,552
553,TGFR1_HUMAN,,,,553
554,TNR3_HUMAN,To_add,,TNF_receptor_add (uniprot),554
555,ACVL1_HUMAN,,,,555
556,TGFR2_HUMAN,,,,556
557,V1AR_HUMAN,,,,557
558,INGR2_HUMAN,,,,558
559,ITAE_HUMAN,To_add,,Integrin (uniprot),559
560,GDNF_HUMAN,,,,560
561,IL6RB_HUMAN,,,,561
562,CEAM6_HUMAN,To_comment,Adhesion_add,,562
563,TACT_HUMAN,To_add | To_comment,Receptor_add | Extracellular_add,Iglike | Receptor_add,563
564,TPO_HUMAN,,,,564
565,TPOR_HUMAN,,,,565
566,IL15_HUMAN,,,,566
567,OPRD_HUMAN,,,,567
568,OPRK_HUMAN,,,,568
569,OPRX_HUMAN,,,,569
570,LEP_HUMAN,,,,570
571,OX2G_HUMAN,To_comment,Extracellular_add,,571
572,WNT5A_HUMAN,,,,572
573,TNFL9_HUMAN,To_add,,ligandIUPHAR,573
574,VIPR2_HUMAN,,,,574
575,5HT2B_HUMAN,,,,575
576,CCR2_HUMAN,,,,576
577,MC3R_HUMAN,,,,577
578,CD86_HUMAN,To_comment,Extracellular_add,,578
579,ASIP_HUMAN,,,,579
580,I12R1_HUMAN,To_add,,cytokine_receptor,580
581,LIFR_HUMAN,,,,581
582,CXCL5_HUMAN,,,,582
583,GDF5_HUMAN,,,,583
584,PF2R_HUMAN,,,,584
585,PE2R3_HUMAN,,,,585
586,PE2R2_HUMAN,,,,586
587,PI2R_HUMAN,,,,587
588,DCC_HUMAN,To_add,,Iglike,588
589,GLP1R_HUMAN,,,,589
590,TNR4_HUMAN,To_add,,TNF_receptor_add (uniprot),590
591,KI2L1_HUMAN,To_comment,Extracellular_add,,591
592,KI2L3_HUMAN,To_comment,Extracellular_add,,592
593,KI3L1_HUMAN,To_comment,Extracellular_add,,593
594,KI3L2_HUMAN,To_comment,Extracellular_add,,594
595,ACHA4_HUMAN,,,,595
596,GPR1_HUMAN,,,,596
597,CCR10_HUMAN,,,,597
598,XCR1_HUMAN,,,,598
599,5HT3A_HUMAN,,,,599
600,BAG6_HUMAN,To_add | To_comment,Extracellular_add,complex,600
601,NOTC1_HUMAN,,,,601
602,BKRB1_HUMAN,,,Migration,602
603,GALR1_HUMAN,,,,603
604,GLR_HUMAN,,,,604
605,SCTR_HUMAN,,,,605
606,5HT5A_HUMAN,,,,606
607,V1BR_HUMAN,,,,607
608,XCL1_HUMAN,,,,608
609,TNFL6_HUMAN,,,,609
610,MTR1A_HUMAN,,,,610
611,SDF1_HUMAN,,,,611
612,NPBW1_HUMAN,,,,612
613,NPBW2_HUMAN,,,,613
614,LEPR_HUMAN,To_comment,Receptor_add,,614
615,GIPR_HUMAN,,,,615
616,INAR2_HUMAN,,,,616
617,NMU_HUMAN,,,,617
618,CD97_HUMAN,,,,618
619,PTH2R_HUMAN,,,,619
620,CX3C1_HUMAN,,,,620
621,MTR1B_HUMAN,,,,621
622,CXCR3_HUMAN,,,,622
623,PRLHR_HUMAN,,,,623
624,GPR15_HUMAN,,,,624
625,PLGF_HUMAN,,,,625
626,VEGFB_HUMAN,,,,626
627,VEGFC_HUMAN,,,,627
628,FLT3L_HUMAN,,,,628
629,ENTP1_HUMAN,To_add | To_comment,transmembrane_add | extracellular_add,,629
630,AGTR2_HUMAN,,,,630
631,5HT6R_HUMAN,,,,631
632,TNF10_HUMAN,To_add,,ligandIUPHAR,632
633,INSL3_HUMAN,,,,633
634,GPC3_HUMAN,,,,634
635,CCL11_HUMAN,,,,635
636,CCR3_HUMAN,,,,636
637,CCR4_HUMAN,,,,637
638,CCR5_HUMAN,,,,638
639,CCR6_HUMAN,,,,639
640,CCR8_HUMAN,,,,640
641,CCR9_HUMAN,,,,641
642,PLXA3_HUMAN,,,,642
643,GP143_HUMAN,,,,643
644,EFNA3_HUMAN,To_comment,extracellular_add,,644
645,EFNA4_HUMAN,,,,645
646,EFNB2_HUMAN,To_add,,ligandIUPHAR,646
647,EFNA5_HUMAN,To_comment,extracellular_add,,647
648,CO4A4_HUMAN,,,Collagen,648
649,ITA8_HUMAN,,,Integrin,649
650,MOT1_HUMAN,,,,650
651,EPHB3_HUMAN,To_comment,Adhesion_add,Migration,651
652,EPHA5_HUMAN,To_comment,Adhesion_add,,652
653,EPHB4_HUMAN,To_comment,Adhesion_add,,653
654,EPHB1_HUMAN,,,,654
655,EPHA4_HUMAN,,,,655
656,GAS1_HUMAN,,,,656
657,IOD3_HUMAN,,,,657
658,FGF8_HUMAN,,,,658
659,UCN1_HUMAN,,,,659
660,INHBC_HUMAN,,,,660
661,GDF10_HUMAN,,,,661
662,CADH6_HUMAN,,,Cadherin,662
663,CCL23_HUMAN,,,,663
664,CCL18_HUMAN,,,,664
665,FCGRN_HUMAN,,,,665
666,GFRA1_HUMAN,,,,666
667,ITA1_HUMAN,To_add,,Integrin (uniprot),667
668,WNT3_HUMAN,,,,668
669,WNT3A_HUMAN,,,,669
670,WNT4_HUMAN,,,,670
671,WNT7B_HUMAN,,,,671
672,NRG3_HUMAN,,,,672
673,JAM2_HUMAN,To_comment,Adhesion_add,,673
674,INHBE_HUMAN,,,,674
675,PROK1_HUMAN,,,,675
676,LIRA4_HUMAN,To_add,,Iglike,676
677,IL2_HUMAN,,,,677
678,CXCR4_HUMAN,,,,678
679,SMS_HUMAN,,,,679
680,B2MG_HUMAN,To_add,,Iglike,680
681,TGFB2_HUMAN,,,,681
682,PPIA_HUMAN,,,,682
683,SHPS1_HUMAN,To_add | To_comment,Receptor_add | Extracellular_add,Iglike | Receptor_add,683
684,X3CL1_HUMAN,,,,684
685,JAG1_HUMAN,To_add | To_comment,transmembrane_add | extracellular_add,,685
686,RELN_HUMAN,,,,686
687,I13R1_HUMAN,To_add,,cytokine_receptor,687
688,CCL20_HUMAN,,,,688
689,CCL8_HUMAN,,,,689
690,CCL7_HUMAN,,,,690
691,CXCL6_HUMAN,,,,691
692,NGAL_HUMAN,,,,692
693,DLK1_HUMAN,To_add | To_comment,transmembrane_add | extracellular_add,,693
694,PRRP_HUMAN,,,,694
695,VLDLR_HUMAN,To_add,,Binds VLDL (uniprot),695
696,EFNB1_HUMAN,To_add | To_comment,transmembrane_add | extracellular_add,Uniprot: Binds to the receptor tyrosine kinases EPHB1 and EPHA1.,696
697,NDP_HUMAN,,,,697
698,IL9R_HUMAN,,,,698
699,IL5RA_HUMAN,To_add,,cytokine_receptor,699
700,ILRL1_HUMAN,,,,700
701,ACTHR_HUMAN,,,,701
702,MSHR_HUMAN,,,,702
703,CO4A3_HUMAN,,,Collagen,703
704,ROR1_HUMAN,To_add,,Iglike,704
705,ROR2_HUMAN,,,,705
706,TNR17_HUMAN,,,,706
707,NRG1_HUMAN,,,,707
708,CO7A1_HUMAN,,,Collagen,708
709,DSG1_HUMAN,,,desmosome junctions,709
710,DSC2_HUMAN,,,desmosome junctions,710
711,GHRHR_HUMAN,,,,711
712,TIE2_HUMAN,,,,712
713,TGBR3_HUMAN,,,Migration,713
714,UPAR_HUMAN,,,,714
715,PTH1R_HUMAN,,,,715
716,COAA1_HUMAN,,,Collagen,716
717,NOTC2_HUMAN,,,,717
718,ACVR1_HUMAN,To_add,,Receptor for activin. (uniprot),718
719,RON_HUMAN,To_add,,Receptor tyrosine kinase that transduces signals from the extracellular matrix into the cytoplasm by binding to MST1 ligand. (uniprot),719
720,COEA1_HUMAN,,,Collagen,720
721,ACHB3_HUMAN,,,,721
722,TYRO3_HUMAN,,,,722
723,TNFC_HUMAN,To_add,,ligandIUPHAR,723
724,TNR9_HUMAN,To_add,,TNF_receptor_add (uniprot),724
725,COGA1_HUMAN,,,Collagen,725
726,CXCL9_HUMAN,,,,726
727,NKG2E_HUMAN,To_add,,KLR_add (uniprot),727
728,I10R2_HUMAN,To_add,,cytokine_receptor,728
729,DSC1_HUMAN,,,desmosome junctions,729
730,CD47_HUMAN,To_comment,Receptor_add | Extracellular_add,,730
731,FGL1_HUMAN,,,,731
732,APOBR_HUMAN,,,,732
733,BST2_HUMAN,,,,733
734,CNTN1_HUMAN,,,,734
735,MERTK_HUMAN,To_add,,Iglike,735
736,KLRB1_HUMAN,To_add | To_comment,Extracellular_add,KLR_add (uniprot),736
737,IL24_HUMAN,,,,737
738,KLRD1_HUMAN,To_add,,KLR_add (uniprot),738
739,PD2R_HUMAN,,,,739
740,I15RA_HUMAN,To_add,,Cytokine_receptor (uniprot),740
741,SEM3F_HUMAN,,,,741
742,GPR17_HUMAN,,,,742
743,CRFR2_HUMAN,,,,743
744,PTPRS_HUMAN,To_add,,Iglike,744
745,ITAD_HUMAN,To_add,,Integrin,745
746,FZD5_HUMAN,To_comment,Extracellular_add,,746
747,MADCA_HUMAN,To_add | To_comment,extracellular_add,ligandIUPHAR,747
748,IL18R_HUMAN,To_add,,Iglike,748
749,PNOC_HUMAN,,,,749
750,SEM5A_HUMAN,To_add | To_comment,,Ligand for receptor PLXNB3. (uniprot),750
751,5HT4R_HUMAN,,,,751
752,I10R1_HUMAN,To_add,,cytokine_receptor,752
753,ITA7_HUMAN,To_add | To_comment,Adhesion_add,Migration | Adhesion_add (uniprot),753
754,AVR2B_HUMAN,,,IUPHAR,754
755,CD166_HUMAN,To_comment,Extracellular_add,,755
756,ITA9_HUMAN,To_add,,Integrin,756
757,BMPR2_HUMAN,,,,757
758,CO4A6_HUMAN,,,Collagen,758
759,CO9A3_HUMAN,,,Collagen,759
760,CO9A2_HUMAN,,,Collagen,760
761,LRP8_HUMAN,,,,761
762,IL18_HUMAN,,,,762
763,DSG2_HUMAN,,,desmosome junctions,763
764,IL27B_HUMAN,,,,764
765,SELPL_HUMAN,To_add,,calcium-dependent interactions with E-,765
766,FZD2_HUMAN,To_comment,Extracellular_add,,766
767,GAS6_HUMAN,,,,767
768,SEM3A_HUMAN,,,,768
769,DSC3_HUMAN,,,desmosome junctions,769
770,IHH_HUMAN,,,,770
771,I11RA_HUMAN,To_add,,cytokine_receptor,771
772,I13R2_HUMAN,To_add,,cytokine_receptor,772
773,ICAM4_HUMAN,,,,773
774,KI3S1_HUMAN,,,,774
775,COJA1_HUMAN,,,Collagen,775
776,PDCD1_HUMAN,To_add | To_comment,Iglike | Receptor | Extracellular_add,Uniprot description,776
777,PVRL1_HUMAN,,,,777
778,ERBB4_HUMAN,,,Migration,778
779,EPHA7_HUMAN,To_comment,Adhesion_add,,779
780,ANGP1_HUMAN,,,,780
781,SHH_HUMAN,,,,781
782,LT4R1_HUMAN,,,,782
783,AAAT_HUMAN,,,,783
784,CD226_HUMAN,To_comment,Extracellular_add,,784
785,EFNB3_HUMAN,To_add,,ligandIUPHAR,785
786,ACHA2_HUMAN,,,,786
787,ACHA6_HUMAN,,,,787
788,ADIPO_HUMAN,,,,788
789,NTRK3_HUMAN,To_add,,Iglike,789
790,IL17_HUMAN,,,,790
791,ACKR1_HUMAN,To_add,,Atypical chemokine receptor (uniprot),791
792,C3AR_HUMAN,,,,792
793,CALRL_HUMAN,,,,793
794,NTRK2_HUMAN,,,,794
795,CCL14_HUMAN,,,,795
796,CCL15_HUMAN,,,,796
797,AMHR2_HUMAN,To_add,,receptor complex (uniprot),797
798,LAMA3_HUMAN,,,laminin,798
799,COOA1_HUMAN,,,Collagen,799
800,MICB_HUMAN,To_comment,Extracellular_add,,800
801,MICA_HUMAN,,,,801
802,RSPO4_HUMAN,,,,802
803,RSPO1_HUMAN,,,,803
804,COSA1_HUMAN,,,Collagen,804
805,TIGIT_HUMAN,To_comment,Extracellular_add,,805
806,CDON_HUMAN,,,,806
807,TRML2_HUMAN,,,,807
808,SFRP5_HUMAN,,,,808
809,ARTN_HUMAN,,,,809
810,CODA1_HUMAN,,,Collagen,810
811,IL23R_HUMAN,,,,811
812,RET1L_HUMAN,,,,812
813,CD276_HUMAN,To_add | To_comment,,Iglike | Possible_receptor,813
814,NR3L1_HUMAN,To_comment,Extracellular_add,,814
815,SFRP4_HUMAN,,,,815
816,LAIR1_HUMAN,,,,816
817,RET1G_HUMAN,,,,817
818,SIGIR_HUMAN,To_add,,Iglike,818
819,GDF6_HUMAN,,,,819
820,CSPG4_HUMAN,,,Migration,820
821,CLC2A_HUMAN,To_comment,Extracellular_add,,821
822,IGFL1_HUMAN,,,,822
823,EPGN_HUMAN,,,,823
824,I27RA_HUMAN,To_add,,cytokine_receptor,824
825,IGFL2_HUMAN,,,,825
826,IGFL3_HUMAN,,,,826
827,I20RB_HUMAN,To_add,,cytokine_receptor,827
828,RSPO2_HUMAN,,,,828
829,UNC5D_HUMAN,,,,829
830,NPSR1_HUMAN,,,,830
831,SOSD1_HUMAN,,,,831
832,NSMF_HUMAN,,,,832
833,SCAR5_HUMAN,,,,833
834,IL34_HUMAN,,,,834
835,UNC5A_HUMAN,,,,835
836,5HT3D_HUMAN,,,,836
837,UTS2B_HUMAN,,,,837
838,CTSR4_HUMAN,,,,838
839,ADM2_HUMAN,,,,839
840,GDF7_HUMAN,,,,840
841,BMP8A_HUMAN,,,,841
842,BTLA_HUMAN,To_add,extracellular_add,ligandIUPHAR,842
843,ADR2_HUMAN,,,,843
844,IFNE_HUMAN,,,,844
845,CTSRD_HUMAN,,,,845
846,CTSR3_HUMAN,,,,846
847,TM219_HUMAN,,,,847
848,GPHB5_HUMAN,,,,848
849,KLOTB_HUMAN,,,,849
850,IFNL1_HUMAN,,,,850
851,INLR1_HUMAN,To_add,,cytokine_receptor,851
852,CORA1_HUMAN,,,Collagen,852
853,IFNL3_HUMAN,,,,853
854,IFNL2_HUMAN,,,,854
855,UNC5B_HUMAN,,,,855
856,CADM3_HUMAN,,,,856
857,LIRB2_HUMAN,To_add,,Iglike,857
858,SFRP1_HUMAN,,,,858
859,I22R1_HUMAN,To_add,,cytokine_receptor,859
860,CD177_HUMAN,To_comment,Adhesion_add,,860
861,NPW_HUMAN,,,,861
862,I17RC_HUMAN,,,,862
863,DGLB_HUMAN,,,,863
864,CTSR1_HUMAN,,,,864
865,ACV1C_HUMAN,To_add,,Receptor for activin AB,865
866,IL27A_HUMAN,,,,866
867,PKR2_HUMAN,,,,867
868,I17RE_HUMAN,,,,868
869,COMA1_HUMAN,,,Collagen,869
870,SEM6D_HUMAN,,,Possible_receptor,870
871,CADM4_HUMAN,To_add,,Iglike,871
872,NPB_HUMAN,,,,872
873,LIRB4_HUMAN,,,,873
874,LIRB1_HUMAN,,,,874
875,PKR1_HUMAN,,,,875
876,N2DL4_HUMAN,To_add,,Binds and activates the KLRK1/NKG2D receptor (uniprot),876
877,MO2R1_HUMAN,,,,877
878,HAVR2_HUMAN,To_add | To_comment,Receptor_add | Extracellular_add,Iglike. Cell surface receptor implicated in modulating innate and adaptive immune responses (uniprot),878
879,OXER1_HUMAN,,,,879
880,RL3R2_HUMAN,,,,880
881,GP151_HUMAN,,,,881
882,S22AH_HUMAN,,,,882
883,NRG4_HUMAN,,,,883
884,IL1FA_HUMAN,,,,884
885,5HT3C_HUMAN,,,,885
886,RXFP2_HUMAN,,,,886
887,REL3_HUMAN,,,,887
888,CLC2B_HUMAN,To_add | To_comment,Extracellular_add,member of the C-type lectin/C-type lectin-like domain (CTL/CTLD) superfamily. NK cell signalling. Reviewed in PMID:24987108,888
889,CCL17_HUMAN,,,,889
890,SORL_HUMAN,To_add,,Likely to be a multifunctional endocytic receptor (uniprot),890
891,PVRL2_HUMAN,To_comment,Extracellular_add,,891
892,SFRP3_HUMAN,,,,892
893,SEM4D_HUMAN,,,,893
894,GSLG1_HUMAN,To_add | To_comment,transmembrane_add | extracellular_add,Uniprot: Binds E-selectin,894
895,TNR14_HUMAN,To_add,,TNF_receptor_add (uniprot),895
896,TNR25_HUMAN,,,,896
897,WNT2B_HUMAN,,,,897
898,WNT8B_HUMAN,,,,898
899,TSLP_HUMAN,,,,899
900,UCN3_HUMAN,,,,900
901,MCHR2_HUMAN,,,,901
902,ADR1_HUMAN,,,,902
903,COQA1_HUMAN,,,Collagen,903
904,TIP39_HUMAN,,,,904
905,ESAM_HUMAN,,,,905
906,KLRG1_HUMAN,,,,906
907,I17RA_HUMAN,,,,907
908,SFRP2_HUMAN,,,,908
909,ROBO3_HUMAN,To_add,,Iglike,909
910,PVRL4_HUMAN,,,,910
911,COLA1_HUMAN,,,Collagen,911
912,CTSR2_HUMAN,,,,912
913,GNRR2_HUMAN,To_remove,,no ensembl,913
914,IL17F_HUMAN,,,,914
915,HHIP_HUMAN,,,,915
916,TR13C_HUMAN,To_add,,TNF_receptor_add (uniprot),916
917,UCN2_HUMAN,,,,917
918,NODAL_HUMAN,,,,918
919,GPHA2_HUMAN,,,,919
920,CSF3R_HUMAN,,,,920
921,HBEGF_HUMAN,,,,921
922,NELL2_HUMAN,,,,922
923,NOTC4_HUMAN,,,,923
924,SORT_HUMAN,,,,924
925,GPER1_HUMAN,,,,925
926,CCL13_HUMAN,,,,926
927,OSMR_HUMAN,To_add,,cytokine_receptor,927
928,I12R2_HUMAN,To_add,,cytokine_receptor,928
929,MCHR1_HUMAN,,,,929
930,COCA1_HUMAN,,,Collagen,930
931,CCL19_HUMAN,,,,931
932,NRTN_HUMAN,,,,932
933,CML1_HUMAN,,,,933
934,RARR2_HUMAN,,,,934
935,OMD_HUMAN,,,,935
936,SEM3C_HUMAN,,,,936
937,PD1L2_HUMAN,To_comment,Extracellular_add,,937
938,SPXN_HUMAN,,,,938
939,BOC_HUMAN,,,,939
940,JAM3_HUMAN,,,,940
941,STRA6_HUMAN,,,,941
942,LGR4_HUMAN,,,,942
943,AMNLS_HUMAN,,,,943
944,RSPO3_HUMAN,,,,944
945,CADM1_HUMAN,To_comment,Extracellular_add,,945
946,N2DL3_HUMAN,To_comment,Extracellular_add,,946
947,N2DL2_HUMAN,,,,947
948,N2DL1_HUMAN,To_comment,Receptor_add | Extracellular_add,,948
949,CD244_HUMAN,To_comment,Extracellular_add,,949
950,SEM4C_HUMAN,To_comment,Receptor_add,,950
951,PDGFD_HUMAN,,,,951
952,NMUR2_HUMAN,,,,952
953,WN10A_HUMAN,,,,953
954,FGF23_HUMAN,,,,954
955,IL22_HUMAN,,,,955
956,GFRA4_HUMAN,,,,956
957,WNT8A_HUMAN,,,,957
958,WNT5B_HUMAN,,,,958
959,IL25_HUMAN,,,,959
960,CXL16_HUMAN,,,,960
961,SEM6A_HUMAN,,,Possible_receptor,961
962,CLC4M_HUMAN,,,,962
963,HRH4_HUMAN,,,,963
964,SEM4A_HUMAN,,,,964
965,FZD8_HUMAN,To_comment,Extracellular_add,,965
966,E41L1_HUMAN,To_add,,,966
967,IGFR1_HUMAN,,,,967
968,ILRL2_HUMAN,To_add,,Iglike,968
969,NET4_HUMAN,,,,969
970,NMUR1_HUMAN,,,,970
971,IL21_HUMAN,,,,971
972,IL21R_HUMAN,To_add,,cytokine_receptor,972
973,LGR6_HUMAN,,,,973
974,RXFP1_HUMAN,,,,974
975,PROK2_HUMAN,,,,975
976,CRLF2_HUMAN,,,,976
977,ROBO2_HUMAN,To_add | To_comment,Receptor_add,Iglike | Receptor_add,977
978,PLXA4_HUMAN,,,,978
979,FGF22_HUMAN,,,,979
980,CD209_HUMAN,,,,980
981,TNR12_HUMAN,To_add,,TNF_receptor_add (uniprot),981
982,FGF20_HUMAN,,,,982
983,ACKR4_HUMAN,,,,983
984,LT4R2_HUMAN,,,,984
985,IL23A_HUMAN,,,,985
986,FZD3_HUMAN,To_comment,Extracellular_add,,986
987,IL1AP_HUMAN,,,,987
988,IL26_HUMAN,,,,988
989,PVRL3_HUMAN,To_comment,Extracellular_add,,989
990,GDF3_HUMAN,,,,990
991,DLL4_HUMAN,To_comment,extracellular_add,ligandIUPHAR,991
992,PDGFC_HUMAN,,,,992
993,CCL28_HUMAN,,,,993
994,I17RB_HUMAN,,,,994
995,HEBP1_HUMAN,To_add | To_comment,transmembrane_add | extracellular_add,"Genecards: This protein includes a natural chemoattractant peptide of 21 amino acids at the N-terminus, which is a natural ligand for formyl peptide receptor-like receptor 2 (FPRL2) ",995
996,CLTR2_HUMAN,,,,996
997,FGF21_HUMAN,,,,997
998,RL3R1_HUMAN,,,,998
999,SEM4G_HUMAN,,,Possible_receptor,999
1000,DLL3_HUMAN,To_add | To_comment,transmembrane_add | extracellular_add,,1000
1001,IL20_HUMAN,,,,1001
1002,PDXL2_HUMAN,To_add,,Acts as a ligand for vascular selectins. (uniprot),1002
1003,TREM2_HUMAN,,,,1003
1004,IL37_HUMAN,,,,1004
1005,IL36B_HUMAN,,,,1005
1006,IL36G_HUMAN,,,,1006
1007,PD1L1_HUMAN,To_comment,extracellular_add,ligandIUPHAR,1007
1008,KLRF1_HUMAN,To_add | To_comment,Extracellular_add,KLR_add (uniprot),1008
1009,IL17C_HUMAN,,,,1009
1010,IFNK_HUMAN,,,,1010
1011,SIRPG_HUMAN,To_add,,Iglike,1011
1012,COKA1_HUMAN,,,Collagen,1012
1013,C5AR2_HUMAN,,,,1013
1014,GALP_HUMAN,,,,1014
1015,XCL2_HUMAN,,,,1015
1016,CLCF1_HUMAN,,,,1016
1017,I36RA_HUMAN,,,,1017
1018,HCST_HUMAN,To_add,,Transmembrane adapter protein (uniprot),1018
1019,TR10D_HUMAN,To_add,,TNF_receptor_add (uniprot),1019
1020,DKK2_HUMAN,,,,1020
1021,GHRL_HUMAN,,,,1021
1022,WNT16_HUMAN,,,,1022
1023,KLOT_HUMAN,,,,1023
1024,SUSD2_HUMAN,,,,1024
1025,IL36A_HUMAN,,,,1025
1026,IL19_HUMAN,,,,1026
1027,TKNK_HUMAN,,,,1027
1028,I20RA_HUMAN,To_add,,cytokine_receptor,1028
1029,CLC2D_HUMAN,To_comment,Extracellular_add,,1029
1030,PLXA1_HUMAN,,,,1030
1031,GDF2_HUMAN,,,,1031
1032,PILRA_HUMAN,,,,1032
1033,UR2R_HUMAN,,,,1033
1034,ITA11_HUMAN,To_add,,Integrin (uniprot),1034
1035,CADH7_HUMAN,,,Cadherin,1035
1036,PLXB3_HUMAN,,,,1036
1037,FZD4_HUMAN,To_comment,Extracellular_add,,1037
1038,FZD10_HUMAN,To_comment,Extracellular_add,,1038
1039,APEL_HUMAN,,,,1039
1040,NOTC3_HUMAN,,,,1040
1041,ALK_HUMAN,,,,1041
1042,COHA1_HUMAN,,,Collagen,1042
1043,TNF18_HUMAN,To_add,,cytokine,1043
1044,FZD1_HUMAN,To_comment,Extracellular_add,,1044
1045,TFR2_HUMAN,,,,1045
1046,JAG2_HUMAN,To_add | To_comment,transmembrane_add | extracellular_add,Uniprot:Putative Notch ligand involved in the mediation of Notch signaling.,1046
1047,CCL26_HUMAN,,,,1047
1048,ANGP4_HUMAN,,,,1048
1049,CLTR1_HUMAN,,,,1049
1050,TN13B_HUMAN,,,,1050
1051,GPR55_HUMAN,,,,1051
1052,DGLA_HUMAN,,,,1052
1053,PLXD1_HUMAN,,,,1053
1054,CCL27_HUMAN,,,,1054
1055,HRH3_HUMAN,,,,1055
1056,INSL5_HUMAN,,,,1056
1057,TNR18_HUMAN,,,,1057
1058,WIF1_HUMAN,,,,1058
1059,PD2R2_HUMAN,,,,1059
1060,JAM1_HUMAN,To_comment,Extracellular_add,,1060
1061,WNT6_HUMAN,,,,1061
1062,ROBO1_HUMAN,,,,1062
1063,TNR11_HUMAN,,,,1063
1064,ICOS_HUMAN,To_comment,Receptor_add,,1064
1065,CP27B_HUMAN,To_add,,,1065
1066,PGES2_HUMAN,To_add,,,1066
1067,DHC24_HUMAN,To_add,,,1067
1068,CBR1_HUMAN,To_add,,,1068
1069,RARB_HUMAN,To_add,,,1069
1070,RARA_HUMAN,To_add,,,1070
1071,NMDE4_HUMAN,To_add,,,1071
1072,DPEP3_HUMAN,To_add,,,1072
1073,PTC2_HUMAN,To_add,,,1073
1074,KISS1_HUMAN,To_add,,,1074
1075,PXL2B_HUMAN,To_add,,,1075
1076,RABP2_HUMAN,To_add,,,1076
1077,3BHS1_HUMAN,To_add,,,1077
1078,GGT5_HUMAN,To_add,,,1078
1079,H17B6_HUMAN,To_add,,,1079
1080,ADX_HUMAN,To_add,,,1080
1081,NTR1_HUMAN,To_add,,,1081
1082,NPFF1_HUMAN,To_add,,,1082
1083,LTC4S_HUMAN,To_add,,,1083
1084,S5A1_HUMAN,To_add,,,1084
1085,NPY5R_HUMAN,To_add,,,1085
1086,NPY1R_HUMAN,To_add,,,1086
1087,DAG1_HUMAN,To_add,,,1087
1088,CELR3_HUMAN,To_add,,,1088
1089,CLAT_HUMAN,To_add,,,1089
1090,AK1C3_HUMAN,To_add,,,1090
1091,CTSRB_HUMAN,To_add,,,1091
1092,PTGR1_HUMAN,To_add,,,1092
1093,GLRA2_HUMAN,To_add,,,1093
1094,LOX12_HUMAN,To_add,,,1094
1095,C11B2_HUMAN,To_add,,,1095
1096,IRPL1_HUMAN,To_add,,,1096
1097,PTGES_HUMAN,To_add,,,1097
1098,CP17A_HUMAN,To_add,,,1098
1099,KISSR_HUMAN,To_add,,,1099
1100,KREM2_HUMAN,To_add,,,1100
1101,AL1A3_HUMAN,To_add,,,1101
1102,AK1D1_HUMAN,To_add,,,1102
1103,NPY4R_HUMAN,To_add,,,1103
1104,NPY2R_HUMAN,To_add,,,1104
1105,TEBP_HUMAN,To_add,,,1105
1106,EDNRA_HUMAN,To_add,,,1106
1107,ADRO_HUMAN,To_add,,,1107
1108,PYY_HUMAN,To_add,,,1108
1109,KREM1_HUMAN,To_add,,,1109
1110,NMDE1_HUMAN,To_add,,,1110
1111,THAS_HUMAN,To_add,,,1111
1112,FDX2_HUMAN,To_add,,,1112
1113,UBS3B_HUMAN,To_add,,,1113
1114,TYRO_HUMAN,To_add,,,1114
1115,ASMT_HUMAN,To_add,,,1115
1116,EDN2_HUMAN,To_add,,,1116
1117,DHB12_HUMAN,To_add,,,1117
1118,RXRA_HUMAN,To_add,,,1118
1119,RARG_HUMAN,To_add,,,1119
1120,QRFPR_HUMAN,To_add,,,1120
1121,AL1A1_HUMAN,To_add,,,1121
1122,LICH_HUMAN,To_add,,,1122
1123,CP11A_HUMAN,To_add,,,1123
1124,NMS_HUMAN,To_add,,,1124
1125,DCHS_HUMAN,To_add,,,1125
1126,OX26_HUMAN,To_add,,,1126
1127,PTC1_HUMAN,To_add,,,1127
1128,RXRB_HUMAN,To_add,,,1128
1129,GHSR_HUMAN,To_add,,,1129
1130,S5A2_HUMAN,To_add,,,1130
1131,CP3A4_HUMAN,To_add,,,1131
1132,NMDE3_HUMAN,To_add,,,1132
1133,AL1A2_HUMAN,To_add,,,1133
1134,C11B1_HUMAN,To_add,,,1134
1135,REL1_HUMAN,To_add,,,1135
1136,CP19A_HUMAN,To_add,,,1136
1137,DHB1_HUMAN,To_add,,,1137
1138,PAHO_HUMAN,To_add,,,1138
1139,DDC_HUMAN,To_add,,,1139
1140,RXRG_HUMAN,To_add,,,1140
1141,CP21A_HUMAN,To_add,,,1141
1142,ALDR_HUMAN,To_add,,,1142
1143,NMDE2_HUMAN,To_add,,,1143
1144,DHCR7_HUMAN,To_add,,,1144
1145,PERT_HUMAN,To_add,,,1145
1146,PORED_HUMAN,To_add,,,1146
1147,PACR_HUMAN,To_add,,,1147
1148,AGRL1_HUMAN,To_add,,,1148
1149,DHB3_HUMAN,To_add,,,1149
1150,PTGIS_HUMAN,To_add,,,1150
1151,ST2A1_HUMAN,To_add,,,1151
1152,DPEP2_HUMAN,To_add,,,1152
1153,ST1E1_HUMAN,To_add,,,1153
1154,ST1A1_HUMAN,To_add,,,1154
1155,DHRS9_HUMAN,To_add,,,1155
1156,PNMT_HUMAN,To_add,,,1156
1157,LKHA4_HUMAN,To_add,,,1157
1158,5NTD_HUMAN,,,,1158
1159,ACHB_HUMAN,,,,1159
1160,ACHD_HUMAN,,,,1160
1161,ACHE_HUMAN,,,,1161
1162,ACHG_HUMAN,,,,1162
1163,AGRA2_HUMAN,,,,1163
1164,AGRB1_HUMAN,,,,1164
1165,AGRB2_HUMAN,,,,1165
1166,AGRB3_HUMAN,,,,1166
1167,AGRE2_HUMAN,,,,1167
1168,AGRG1_HUMAN,,,,1168
1169,AGRG6_HUMAN,,,,1169
1170,AGRL2_HUMAN,,,,1170
1171,AGRL3_HUMAN,,,,1171
1172,APLP2_HUMAN,,,,1172
1173,APRIO_HUMAN,,,,1173
1174,C1QL2_HUMAN,,,,1174
1175,C1QL3_HUMAN,,,,1175
1176,C1QL4_HUMAN,,,,1176
1177,C1QR1_HUMAN,,,,1177
1178,C1QRF_HUMAN,,,,1178
1179,CATG_HUMAN,Protease,,,1179
1180,CBLN1_HUMAN,,,,1180
1181,CD1B_HUMAN,,,,1181
1182,CD248_HUMAN,Glycoprotein,,,1182
1183,CD320_HUMAN,,,,1183
1184,CGB1_HUMAN,,,,1184
1185,CGB2_HUMAN,,,,1185
1186,CGB3_HUMAN,,,,1186
1187,CGB7_HUMAN,,,,1187
1188,CSTN1_HUMAN,,,,1188
1189,CSTN2_HUMAN,Cadeherin family,,,1189
1190,CSTN3_HUMAN,Cadherin family,,,1190
1191,CXA1_HUMAN,,,,1191
1192,CXA3_HUMAN,,,,1192
1193,CXA5_HUMAN,,,,1193
1194,CXG1_HUMAN,,,,1194
1195,DCE1_HUMAN,,,,1195
1196,DCE2_HUMAN,,,,1196
1197,EAA1_HUMAN,Transporter,,,1197
1198,EAA2_HUMAN,Transporter,,,1198
1199,EAA3_HUMAN,Transporter,,,1199
1200,EAA4_HUMAN,Transporter,,,1200
1201,EAA5_HUMAN,Transporter,,,1201
1202,EDN1_HUMAN,,,,1202
1203,EDN3_HUMAN,,,,1203
1204,EDNRB_HUMAN,,,,1204
1205,FLRT1_HUMAN,,,,1205
1206,FLRT2_HUMAN,,,,1206
1207,FLRT3_HUMAN,,,,1207
1208,GABR1_HUMAN,,,,1208
1209,GABR2_HUMAN,,,,1209
1210,GBRA1_HUMAN,,,,1210
1211,GBRA2_HUMAN,,,,1211
1212,GBRA3_HUMAN,,,,1212
1213,GBRA4_HUMAN,,,,1213
1214,GBRA5_HUMAN,,,,1214
1215,GBRA6_HUMAN,,,,1215
1216,GBRB2_HUMAN,,,,1216
1217,GBRB3_HUMAN,,,,1217
1218,GBRD_HUMAN,,,,1218
1219,GBRE_HUMAN,,,,1219
1220,GBRG2_HUMAN,,,,1220
1221,GBRT_HUMAN,,,,1221
1222,GLRA1_HUMAN,,,,1222
1223,GLRB_HUMAN,,,,1223
1224,GLSK_HUMAN,,,,1224
1225,GLSL_HUMAN,,,,1225
1226,GLYC_HUMAN,,,,1226
1227,GLYM_HUMAN,,,,1227
1228,GPR39_HUMAN,,,,1228
1229,GRIA1_HUMAN,,,,1229
1230,GRIA2_HUMAN,,,,1230
1231,GRIA3_HUMAN,,,,1231
1232,GRIA4_HUMAN,,,,1232
1233,GRID2_HUMAN,,,,1233
1234,GRIK1_HUMAN,,,,1234
1235,GRIK2_HUMAN,,,,1235
1236,GRIK3_HUMAN,,,,1236
1237,GRIK4_HUMAN,,,,1237
1238,GRIK5_HUMAN,,,,1238
1239,GRM1_HUMAN,,,,1239
1240,GRM2_HUMAN,,,,1240
1241,GRM3_HUMAN,,,,1241
1242,GRM4_HUMAN,,,,1242
1243,GRM5_HUMAN,,,,1243
1244,GRM6_HUMAN,,,,1244
1245,GRM7_HUMAN,,,,1245
1246,GRM8_HUMAN,,,,1246
1247,JAML_HUMAN,,,,1247
1248,KI2LA_HUMAN,,,,1248
1249,LAMA2_HUMAN,,,,1249
1250,LPAR1_HUMAN,,,,1250
1251,LPAR2_HUMAN,,,,1251
1252,LPAR3_HUMAN,,,,1252
1253,LRC4B_HUMAN,Cel adhesion molecule,,,1253
1254,LRC4C_HUMAN,Cel adhesion molecule,,,1254
1255,LRFN4_HUMAN,Cel adhesion molecule,,,1255
1256,LRFN5_HUMAN,Cel adhesion molecule,,,1256
1257,LRRT1_HUMAN,Leucine rich repeat,,,1257
1258,LRRT2_HUMAN,Leucine rich repeat,,,1258
1259,LRRT3_HUMAN,Leucine rich repeat,,,1259
1260,LRRT4_HUMAN,Leucine rich repeat,,,1260
1261,MPZL1_HUMAN,,,,1261
1262,MUC18_HUMAN,,,,1262
1263,NCHL1_HUMAN,,,,1263
1264,NLGN1_HUMAN,,,,1264
1265,NLGN2_HUMAN,,,,1265
1266,NLGN3_HUMAN,,,,1266
1267,NLGNX_HUMAN,Cell adhesion,,,1267
1268,NLGNY_HUMAN,,,,1268
1269,NMDZ1_HUMAN,,,,1269
1270,NPFF_HUMAN,,,,1270
1271,NPFF2_HUMAN,,,,1271
1272,NPY_HUMAN,,,,1272
1273,NRCAM_HUMAN,Cell adhesion,,,1273
1274,NRX1A_HUMAN,Involved in cell adhesion,,,1274
1275,NRX1B_HUMAN,Involved in cell adhesion,,,1275
1276,NRX2B_HUMAN,Involved in cell adhesion,,,1276
1277,NRX3B_HUMAN,Involved in cell adhesion,,,1277
1278,NTCP4_HUMAN,Transporter,,,1278
1279,NTR2_HUMAN,,,,1279
1280,OLR1_HUMAN,,,,1280
1281,PAR1_HUMAN,,,,1281
1282,PAR3_HUMAN,,,,1282
1283,PAR4_HUMAN,,,,1283
1284,PI16_HUMAN,,,,1284
1285,PIGR_HUMAN,,,,1285
1286,PTGDS_HUMAN,,,,1286
1287,PTPRD_HUMAN,,,,1287
1288,PTPRF_HUMAN,,,,1288
1289,RTN4R_HUMAN,,,,1289
1290,S29A1_HUMAN,Transporter,,,1290
1291,S29A2_HUMAN,Transporter,,,1291
1292,S29A3_HUMAN,Transporter,,,1292
1293,S29A4_HUMAN,Transporter,,,1293
1294,S6A11_HUMAN,Transporter,,,1294
1295,S6A12_HUMAN,Transporter,,,1295
1296,S6A13_HUMAN,Transporter,,,1296
1297,SC5A7_HUMAN,Transporter,,,1297
1298,SC6A1_HUMAN,Transporter,,,1298
1299,SC6A2_HUMAN,Transporter,,,1299
1300,SC6A3_HUMAN,Transporter,,,1300
1301,SC6A4_HUMAN,Transporter,,,1301
1302,SC6A5_HUMAN,Transporter,,,1302
1303,SC6A6_HUMAN,Transporter,,,1303
1304,SC6A8_HUMAN,Transporter,,,1304
1305,SC6A9_HUMAN,Transporter,,,1305
1306,SDC1_HUMAN,Proteoglycan,,,1306
1307,SDC2_HUMAN,Proteoglycan,,,1307
1308,SFTPD_HUMAN,,,,1308
1309,SLIK1_HUMAN,,,,1309
1310,SLIK2_HUMAN,,,,1310
1311,SLIK3_HUMAN,,,,1311
1312,SLIK4_HUMAN,,,,1312
1313,SLIK5_HUMAN,,,,1313
1314,SLIK6_HUMAN,,,,1314
1315,TAAR1_HUMAN,,,,1315
1316,TEN1_HUMAN,Glycoprotein,,,1316
1317,TEN2_HUMAN,Glycoprotein,,,1317
1318,TEN3_HUMAN,Glycoprotein,,,1318
1319,TEN4_HUMAN,Glycoprotein,,,1319
1320,TGM2_HUMAN,,,,1320
1321,TPH1_HUMAN,,,,1321
1322,TPH2_HUMAN,,,,1322
1323,TX1B3_HUMAN,,,,1323
1324,VACHT_HUMAN,,,,1324
1325,VASN_HUMAN,,,,1325
1326,VGLU1_HUMAN,Transporter,,,1326
1327,VGLU2_HUMAN,Transporter,,,1327
1328,VGLU3_HUMAN,Transporter,,,1328
1329,VIAAT_HUMAN,,,,1329
1330,VISTA_HUMAN,,,,1330
1331,VMAT1_HUMAN,,,,1331
1332,VMAT2_HUMAN,,,,1332
1333,GLHA_HUMAN,,,,1333
1334,SUPYN_HUMAN,,,retrovirus,1334
1335,EPHB6_HUMAN,To_remove,,no ensembl,1335
1336,HLAG_HUMAN,To_add | To_comment,Extracellular_add | Receptor_add,Iglike,1336
1337,CEL_HUMAN,To_remove,,no ensembl,1337
1338,CD24_HUMAN,,,cancer antigen,1338
1339,ACKR3_HUMAN,To_comment,Receptor_add,CoReceptor_Acts as coreceptor with CXCR4 for a restricted number of HIV isolates (uniprot),1339
1340,CO5A3_HUMAN,,,Collagen,1340
1341,ITA3_HUMAN,,,Integrin,1341
1342,HGFL_HUMAN,To_remove,,no ensembl,1342
1343,CO8A1_HUMAN,,,Collagen,1343
1344,CO4A5_HUMAN,,,Collagen,1344
1345,HLAF_HUMAN,To_add,,Iglike,1345
1346,CADH5_HUMAN,,,Cadherin,1346
1347,COFA1_HUMAN,,,Collagen,1347
1348,COIA1_HUMAN,,,Collagen,1348
1349,HFE_HUMAN,,,HLA,1349
1350,SIG15_HUMAN,To_add | To_comment,Adhesion_add,Iglike,1350
1351,HUNIN_HUMAN,To_remove,,no ensembl,1351
1352,SIG10_HUMAN,,,Sialic acid-binding Ig-like,1352
1353,SN_HUMAN,,,Sialic acid-binding Ig-like,1353
1354,TLR8_HUMAN,To_add,,TLR (uniprot),1354
