id_complex,complex_multidata_id,pdb_structure,pdb_id,stoichiometry,comments_complex
0,266,False,,,
1,267,False,,,
2,268,False,,,
3,269,False,,,
4,270,False,,,
5,271,False,,,
6,272,False,,,
7,273,False,,,
8,274,False,,,
9,275,False,,,
10,276,False,,,
11,277,False,,,
12,278,False,,,
13,279,False,,,
14,280,False,,,
15,281,False,,,
16,282,False,,,
17,283,False,,,
18,284,False,,,
19,285,False,,,
20,286,False,,,
21,287,False,,,
22,288,False,,,
23,289,False,,,
24,290,False,,,
25,291,False,,,
26,292,False,,,
27,293,False,,,
28,294,False,,,
29,295,False,,,
30,296,False,,,
31,297,False,,,
32,298,False,,,
33,299,False,,,
34,300,False,,,
35,301,False,,,
36,302,False,,,
37,303,False,,,
38,304,False,,,
39,305,False,,,
40,306,False,,,
41,307,False,,,
42,308,False,,,
43,309,False,,,
44,310,False,,,
45,311,False,,,
46,312,False,,,
47,313,False,,,
48,314,False,,,
49,315,False,,,
50,316,False,,,
51,317,False,,,
52,318,False,,,
53,319,False,,,
54,320,False,,,
55,321,False,,,
56,322,False,,,
57,323,False,,,
58,324,False,,,
59,325,False,,,
60,326,False,,,
