Gene Synonym,Gene Name
lpl,LPL
OBR,LEPR
LEPROT,LEPR
GPR38,MLNR
MTLR,MLNR
MTLR1,MLNR
GALNR2,GALR2
GALNR3,GALR3
SPINLW1,EPPIN
WAP7,EPPIN
WFDC7,EPPIN
SERPINA8,AGT
GNRH,GNRH1
GRH,GNRH1
LHRH,GNRH1
ANP,NPPA
PND,NPPA
OT,OXT
ARVP,AVP
VP,AVP
CALC1,CALCA
GHRF,GHRH
PNP,PPY
GAS,GAST
ESR,ESR1
NR3A1,ESR1
KLKB1,KLK3
MIF,AMH
SEMG,SEMG1
CYP17,CYP17A1
S17AH,CYP17A1
GP3A,ITGB3
CYP11A,CYP11A1
FNRB,ITGB1
MDF2,ITGB1
MSK12,ITGB1
NR3C3,PGR
ATP5B,ATP5F1B
ATPMB,ATP5F1B
ATPSB,ATP5F1B
MSK8,ITGAV
VNRA,ITGAV
VTNR,ITGAV
LIPD,LPL
TYH,TH
APS,KLK3
ADRB2R,ADRB2
B2AR,ADRB2
SLRR1B,DCN
MCR,NR3C2
MLR,NR3C2
EPN,MME
ADRB1R,ADRB1
B1AR,ADRB1
FNRA,ITGA5
CYP21,CYP21A2
CYP21B,CYP21A2
ADRA2R,ADRA2A
ADRAR,ADRA2A
FUR,FURIN
PACE,FURIN
PCSK3,FURIN
CGB,CGB3
,CGB3
CGB5,CGB3
CGB8,CGB3
DHTR,AR
NR3C4,AR
EAR7,THRA
ERBA1,THRA
NR1A1,THRA
THRA1,THRA
THRA2,THRA
ERBA2,THRB
NR1A2,THRB
THR1,THRB
PENT,PNMT
ARO1,CYP19A1
CYAR,CYP19A1
CYP19,CYP19A1
EPER,EPO
EPP,EPO
EPX,EPO
PTHRP,PTHLH
DCP,ACE
DCP1,ACE
ADRB3R,ADRB3
B3AR,ADRB3
3BH,HSD3B1
HSDB3A,HSD3B1
E17KSR,HSD17B1
EDH17B1,HSD17B1
EDH17B2,HSD17B1
EDHB17,HSD17B1
SDR28C1,HSD17B1
APN,ANPEP
CD13,ANPEP
PEPN,ANPEP
S11BH,CYP11B1
ANPRA,NPR1
LGR3,TSHR
NEC2,PCSK2
GP3B,CD36
GP4,CD36
ANPRC,NPR3
C5orf23,NPR3
NPRC,NPR3
ADRA2L1,ADRA2B
ADRA2RL1,ADRA2B
ADRA2L2,ADRA2C
ADRA2RL2,ADRA2C
ANPRB,NPR2
AADC,DDC
DRD1B,DRD5
DRD1L2,DRD5
GAL1,GAL
GALN,GAL
GLNN,GAL
LCGR,LHCGR
LGR2,LHCGR
LHRHR,LHCGR
CNP2,NPPC
LGR1,FSHR
GUC2C,STAR
STAR,GUCY2C
GUCY2C,STAR
ADRA1D,ADRA1A
ADRA1A,ADRA1D
NPYR,NPY1R
NPYY1,NPY1R
ACVR2,ACVR2A
NEC1,PCSK1
AGTR1A,AGTR1
AGTR1B,AGTR1
AT2R1,AGTR1
AT2R1B,AGTR1
GRHR,GNRHR
NTRR,NTSR1
CCKRA,CCKAR
CCKRB,CCKBR
CRFR,CRHR1
CRFR1,CRHR1
CRHR,CRHR1
AM,ADM
ADRA1C,ADRA1A
MOR1,OPRM1
AGTRL1,APLNR
APJ,APLNR
FBN,FBN1
ACVRLK3,BMPR1A
ALK3,BMPR1A
EDH17B3,HSD17B3
SDR12C2,HSD17B3
AVPR1,AVPR1A
MGDF,THPO
TPOR,MPL
PBX1,PRL
OOR,OPRL1
ORL1,OPRL1
OB,LEP
OBS,LEP
VIP2R,VIPR2
AGTI,ASIP
AGTIL,ASIP
ASP,ASIP
GALNR,GALR1
GALNR1,GALR1
AVPR3,AVPR1B
VPR3,AVPR1B
DB,LEPR
STARD1,STAR
ITDI1,DIO1
TXDI1,DIO1
PPYR1,NPY4R
RLF,INSL3
RLNL,INSL3
ITDI3,DIO3
TXDI3,DIO3
CLEC8A,OLR1
LOX1,OLR1
HEPC,HAMP
LEAP1,HAMP
PRH,PRLH
CAP,CAP1
ACTHR,MC2R
MSHR,MC1R
GUCA2,GUCA2A
PTHR,PTH1R
PTHR1,PTH1R
ACVRLK2,ACVR1
CRF2R,CRHR2
CRH2R,CRHR2
OFQ,PNOC
KIAA0149,SCARF1
SREC,SCARF1
CSHP1,CSHL1
CSL,CSHL1
HGFIN,NMB
GPNMB,NMB
ACDC,ADIPOQ
ACRP30,ADIPOQ
APM1,ADIPOQ
GBP28,ADIPOQ
CART,CARTPT
AZ3B,C3AR1
C3R1,C3AR1
HNFAG09,C3AR1
CGRPR,CALCRL
SNAT,AANAT
AMHR,AMHR2
MISR2,AMHR2
C1QDC2,C1QTNF12
CTRP12,C1QTNF12
FAM132A,C1QTNF12
C17orf36,REN
KCTD11,REN
C19orf80,ANGPTL8
RIFL,ANGPTL8
AM2,ADM2
PAQR2,ADIPOR2
HBP1,GPIHBP1
GCET2,GAL
GCSAM,GAL
FRCP2,FNDC5
C6orf33,PAQR8
LMPB1,PAQR8
MPRB,PAQR8
GPR106,RXFP2
GREAT,RXFP2
LGR8,RXFP2
INSL7,RLN3
RXN3,RLN3
ZINS4,RLN3
ESTRB,ESR2
NR3A2,ESR2
ITDI2,DIO2
TXDI2,DIO2
PC5,PCSK5
PC6,PCSK5
SPC,UCN3
PAQR1,ADIPOR1
TESBP1A,ADIPOR1
GPR103,QRFPR
SRP,UCN2
URP,UTS2B
GPA2,GPHA2
ZSIG51,GPHA2
GPR24,MCHR1
SLC1,MCHR1
C12orf39,SPX
AGTBP,NLN
KIAA1226,NLN
GPR147,NPFFR1
NPFF1,NPFFR1
C2orf40,ECRG4
LGR7,RXFP1
FIZZ3,RETN
HXCP1,RETN
RSTN,RETN
FPN1,SLC40A1
IREG1,SLC40A1
SLC11A3,SLC40A1
C1QR1,CD93
MXRA4,CD93
FEEL1,STAB1
KIAA0246,STAB1
PEMPT,PNMT
PEMT,PNMT
GPR14,UTS2R
APEL,APLN
CRN,CORIN
TMPRSS10,CORIN
GPR74,NPFFR2
NPFF2,NPFFR2
NPGPR,NPFFR2
C1QTNF9A,C1QTNF9
MCH,PMCH
PTHR2,PTH2R
TORP1,TOR2A
GPCR142,RXFP4
GPR100,RXFP4
RLN3R2,RXFP4
GPR145,MCHR2
SLT,MCHR2
GPCR135,RXFP3
RLN3R1,RXFP3
SALPR,RXFP3
GPCR150,GPR160
MRLN,MLN
LGALSL,GRP
DKFZp686J19238,DCN
FSHA,CGA
GPA1,CGA
C9orf165,ENHO
UTS2D,UTS2B
PR,PGR
UCMA,GRP
CSH2,CSH1
CSH1,CSH2
CGB4,CGB3
FSHR1,FSHR
RI-PRLR,PRLR
KOR3,OPRL1
NOP,OPRL1
OPRL,OPRL1
MOP,OPRM1
MOR,OPRM1
OPRM,OPRM1
GHB3,CSH1
hFLT1,AGT
GHB5,GH1
P450-CYP21B,CYP21A2
GHA1,PRL
"OBR,CD295",LEPR
TLR-4,TLR4
LOC55908,ANGPTL8
integrin,ITGB3
beta,ITGB3
3,ITGB3
KLNA2,KLK3
GHRHRpsv,GHRHR
hLHB,LHB
estrogen,ESR1
receptor,ESR1
