id_gene,ensembl,gene_name,hgnc_symbol,protein_name,protein_id
0,ENSG00000129673,AANAT,AANAT,SNAT_HUMAN,220
1,ENSG00000159640,ACE,ACE,ACE_HUMAN,92
2,ENSG00000130234,ACE2,ACE2,ACE2_HUMAN,249
3,ENSG00000115170,ACVR1,ACVR1,ACVR1_HUMAN,208
4,ENSG00000121989,ACVR2A,ACVR2A,AVR2A_HUMAN,131
5,ENSG00000114739,ACVR2B,ACVR2B,AVR2B_HUMAN,212
6,ENSG00000141433,ADCYAP1,ADCYAP1,PACA_HUMAN,112
7,ENSG00000078549,ADCYAP1R1,ADCYAP1R1,PACR_HUMAN,168
8,ENSG00000181092,ADIPOQ,ADIPOQ,ADIPO_HUMAN,216
9,ENSG00000159346,ADIPOR1,ADIPOR1,PAQR1_HUMAN,243
10,ENSG00000006831,ADIPOR2,ADIPOR2,PAQR2_HUMAN,228
11,ENSG00000285070,ADIPOR2,ADIPOR2,PAQR2_HUMAN,228
12,ENSG00000148926,ADM,ADM,ADML_HUMAN,153
13,ENSG00000128165,ADM2,ADM2,ADM2_HUMAN,227
14,ENSG00000120907,ADRA1A,ADRA1A,ADA1A_HUMAN,155
15,ENSG00000170214,ADRA1B,ADRA1B,ADA1B_HUMAN,156
16,ENSG00000171873,ADRA1D,ADRA1D,ADA1D_HUMAN,129
17,ENSG00000150594,ADRA2A,ADRA2A,ADA2A_HUMAN,71
18,ENSG00000274286,ADRA2B,ADRA2B,ADA2B_HUMAN,110
19,ENSG00000184160,ADRA2C,ADRA2C,ADA2C_HUMAN,113
20,ENSG00000043591,ADRB1,ADRB1,ADRB1_HUMAN,68
21,ENSG00000169252,ADRB2,ADRB2,ADRB2_HUMAN,63
22,ENSG00000188778,ADRB3,ADRB3,ADRB3_HUMAN,94
23,ENSG00000135744,AGT,AGT,ANGT_HUMAN,17
24,ENSG00000144891,AGTR1,AGTR1,AGTR1_HUMAN,135
25,ENSG00000180772,AGTR2,AGTR2,AGTR2_HUMAN,187
26,ENSG00000104899,AMH,AMH,MIS_HUMAN,42
27,ENSG00000135409,AMHR2,AMHR2,AMHR2_HUMAN,221
28,ENSG00000130173,ANGPTL8,ANGPTL8,ANGL8_HUMAN,225
29,ENSG00000166825,ANPEP,ANPEP,AMPN_HUMAN,100
30,ENSG00000171388,APLN,APLN,APEL_HUMAN,262
31,ENSG00000134817,APLNR,APLNR,APJ_HUMAN,158
32,ENSG00000169083,AR,AR,ANDR_HUMAN,84
33,ENSG00000101440,ASIP,ASIP,ASIP_HUMAN,171
34,ENSG00000196433,ASMT,ASMT,ASMT_HUMAN,173
35,ENSG00000110955,ATP5F1B,ATP5F1B,ATPB_HUMAN,54
36,ENSG00000101200,AVP,AVP,NEU2_HUMAN,21
37,ENSG00000166148,AVPR1A,AVPR1A,V1AR_HUMAN,163
38,ENSG00000198049,AVPR1B,AVPR1B,V1BR_HUMAN,177
39,ENSG00000107779,BMPR1A,BMPR1A,BMR1A_HUMAN,161
40,ENSG00000184163,C1QTNF12,C1QTNF12,ADIPL_HUMAN,222
41,ENSG00000240654,C1QTNF9,C1QTNF9,C1T9A_HUMAN,78
42,ENSG00000171860,C3AR1,C3AR1,C3AR_HUMAN,218
43,ENSG00000110680,CALCA,CALCA,CALCA_HUMAN,58
44,ENSG00000110680,CALCA,CALCA,CALC_HUMAN,31
45,ENSG00000004948,CALCR,CALCR,CALCR_HUMAN,140
46,ENSG00000064989,CALCRL,CALCRL,CALRL_HUMAN,219
47,ENSG00000131236,CAP1,CAP1,CAP1_HUMAN,202
48,ENSG00000164326,CARTPT,CARTPT,CART_HUMAN,217
49,ENSG00000187094,CCK,CCK,CCKN_HUMAN,52
50,ENSG00000163394,CCKAR,CCKAR,CCKAR_HUMAN,145
51,ENSG00000110148,CCKBR,CCKBR,GASR_HUMAN,146
52,ENSG00000135218,CD36,CD36,CD36_HUMAN,106
53,ENSG00000125810,CD93,CD93,C1QR1_HUMAN,256
54,ENSG00000135346,CGA,CGA,GLHA_HUMAN,24
55,ENSG00000104827,CGB3,CGB3,CGB3_HUMAN,81
56,ENSG00000196337,CGB7,CGB7,CGB7_HUMAN,82
57,ENSG00000122218,COPA,COPA,COPA_HUMAN,191
58,ENSG00000145244,CORIN,CORIN,CORIN_HUMAN,263
59,ENSG00000241563,CORT,CORT,CORT_HUMAN,2
60,ENSG00000109472,CPE,CPE,CBPE_HUMAN,108
61,ENSG00000147571,CRH,CRH,CRF_HUMAN,56
62,ENSG00000120088,CRHR1,CRHR1,CRFR1_HUMAN,152
63,ENSG00000278232,CRHR1,CRHR1,CRFR1_HUMAN,152
64,ENSG00000276191,CRHR1,CRHR1,CRFR1_HUMAN,152
65,ENSG00000106113,CRHR2,CRHR2,CRFR2_HUMAN,210
66,ENSG00000136488,CSH1,CSH1,CSH1_HUMAN,79
67,ENSG00000213218,CSH2,CSH2,CSH2_HUMAN,80
68,ENSG00000204414,CSHL1,CSHL1,CSHL_HUMAN,214
69,ENSG00000196188,CTSE,CTSE,CATE_HUMAN,97
70,ENSG00000140459,CYP11A1,CYP11A1,CP11A_HUMAN,48
71,ENSG00000160882,CYP11B1,CYP11B1,C11B1_HUMAN,101
72,ENSG00000179142,CYP11B2,CYP11B2,C11B2_HUMAN,114
73,ENSG00000148795,CYP17A1,CYP17A1,CP17A_HUMAN,46
74,ENSG00000137869,CYP19A1,CYP19A1,CP19A_HUMAN,90
75,ENSG00000231852,CYP21A2,CYP21A2,CP21A_HUMAN,70
76,ENSG00000232414,CYP21A2,CYP21A2,CP21A_HUMAN,70
77,ENSG00000198457,CYP21A2,CYP21A2,CP21A_HUMAN,70
78,ENSG00000206338,CYP21A2,CYP21A2,CP21A_HUMAN,70
79,ENSG00000233151,CYP21A2,CYP21A2,CP21A_HUMAN,70
80,ENSG00000235134,CYP21A2,CYP21A2,CP21A_HUMAN,70
81,ENSG00000123454,DBH,DBH,DOPO_HUMAN,73
82,ENSG00000011465,DCN,DCN,PGS2_HUMAN,64
83,ENSG00000132437,DDC,DDC,DDC_HUMAN,120
84,ENSG00000211452,DIO1,DIO1,IOD1_HUMAN,186
85,ENSG00000211448,DIO2,DIO2,IOD2_HUMAN,238
86,ENSG00000197406,DIO3,DIO3,IOD3_HUMAN,192
87,ENSG00000184845,DRD1,DRD1,DRD1_HUMAN,121
88,ENSG00000149295,DRD2,DRD2,DRD2_HUMAN,98
89,ENSG00000151577,DRD3,DRD3,DRD3_HUMAN,159
90,ENSG00000069696,DRD4,DRD4,DRD4_HUMAN,122
91,ENSG00000276825,DRD4,DRD4,DRD4_HUMAN,122
92,ENSG00000169676,DRD5,DRD5,DRD5_HUMAN,123
93,ENSG00000119147,ECRG4,ECRG4,AUGN_HUMAN,252
94,ENSG00000168913,ENHO,ENHO,ENHO_HUMAN,224
95,ENSG00000138792,ENPEP,ENPEP,AMPE_HUMAN,209
96,ENSG00000130427,EPO,EPO,EPO_HUMAN,40
97,ENSG00000187266,EPOR,EPOR,EPOR_HUMAN,115
98,ENSG00000101448,EPPIN,EPPIN,EPPI_HUMAN,15
99,ENSG00000091831,ESR1,ESR1,ESR1_HUMAN,41
100,ENSG00000140009,ESR2,ESR2,ESR2_HUMAN,237
101,ENSG00000166147,FBN1,FBN1,FBN1_HUMAN,160
102,ENSG00000160097,FNDC5,FNDC5,FNDC5_HUMAN,231
103,ENSG00000131808,FSHB,FSHB,FSHB_HUMAN,26
104,ENSG00000170820,FSHR,FSHR,FSHR_HUMAN,127
105,ENSG00000134363,FST,FST,FST_HUMAN,116
106,ENSG00000140564,FURIN,FURIN,FURIN_HUMAN,77
107,ENSG00000069482,GAL,GAL,GALA_HUMAN,124
108,ENSG00000197487,GALP,GALP,GALP_HUMAN,259
109,ENSG00000166573,GALR1,GALR1,GALR1_HUMAN,174
110,ENSG00000182687,GALR2,GALR2,GALR2_HUMAN,7
111,ENSG00000128310,GALR3,GALR3,GALR3_HUMAN,8
112,ENSG00000184502,GAST,GAST,GAST_HUMAN,39
113,ENSG00000115263,GCG,GCG,GLUC_HUMAN,34
114,ENSG00000215644,GCGR,GCGR,GLR_HUMAN,175
115,ENSG00000259384,GH1,GH1,SOMA_HUMAN,29
116,ENSG00000136487,GH2,GH2,SOM2_HUMAN,30
117,ENSG00000112964,GHR,GHR,GHR_HUMAN,87
118,ENSG00000118702,GHRH,GHRH,SLIB_HUMAN,36
119,ENSG00000106128,GHRHR,GHRHR,GHRHR_HUMAN,205
120,ENSG00000121853,GHSR,GHSR,GHSR_HUMAN,240
121,ENSG00000159224,GIP,GIP,GIP_HUMAN,75
122,ENSG00000010310,GIPR,GIPR,GIPR_HUMAN,180
123,ENSG00000112164,GLP1R,GLP1R,GLP1R_HUMAN,172
124,ENSG00000065325,GLP2R,GLP2R,GLP2R_HUMAN,14
125,ENSG00000147437,GNRH1,GNRH1,GON1_HUMAN,18
126,ENSG00000125787,GNRH2,GNRH2,GON2_HUMAN,6
127,ENSG00000109163,GNRHR,GNRHR,GNRHR_HUMAN,139
128,ENSG00000149735,GPHA2,GPHA2,GPHA2_HUMAN,246
129,ENSG00000277494,GPIHBP1,GPIHBP1,HDBP1_HUMAN,229
130,ENSG00000173890,GPR160,GPR160,GP160_HUMAN,260
131,ENSG00000183150,GPR19,GPR19,GPR19_HUMAN,215
132,ENSG00000134443,GRP,GRP,GRP_HUMAN,62
133,ENSG00000126010,GRPR,GRPR,GRPR_HUMAN,134
134,ENSG00000197273,GUCA2A,GUCA2A,GUC2A_HUMAN,206
135,ENSG00000070019,GUCY2C,GUCY2C,GUC2C_HUMAN,128
136,ENSG00000105697,HAMP,HAMP,HEPC_HUMAN,199
137,ENSG00000108786,HSD17B1,HSD17B1,DHB1_HUMAN,96
138,ENSG00000130948,HSD17B3,HSD17B3,DHB3_HUMAN,162
139,ENSG00000203857,HSD3B1,HSD3B1,3BHS1_HUMAN,95
140,ENSG00000121351,IAPP,IAPP,IAPP_HUMAN,88
141,ENSG00000119912,IDE,IDE,IDE_HUMAN,99
142,ENSG00000123999,INHA,INHA,INHA_HUMAN,49
143,ENSG00000122641,INHBA,INHBA,INHBA_HUMAN,67
144,ENSG00000163083,INHBB,INHBB,INHBB_HUMAN,74
145,ENSG00000175189,INHBC,INHBC,INHBC_HUMAN,194
146,ENSG00000139269,INHBE,INHBE,INHBE_HUMAN,195
147,ENSG00000254647,INS,INS,INS_HUMAN,38
148,ENSG00000129965,INS-IGF2,INS-IGF2,INSR2_HUMAN,0
149,ENSG00000248099,INSL3,INSL3,INSL3_HUMAN,189
150,ENSG00000172410,INSL5,INSL5,INSL5_HUMAN,264
151,ENSG00000171105,INSR,INSR,INSR_HUMAN,51
152,ENSG00000161638,ITGA5,ITGA5,ITA5_HUMAN,69
153,ENSG00000138448,ITGAV,ITGAV,ITAV_HUMAN,55
154,ENSG00000150093,ITGB1,ITGB1,ITB1_HUMAN,50
155,ENSG00000259207,ITGB3,ITGB3,ITB3_HUMAN,47
156,ENSG00000142515,KLK3,KLK3,KLK3_HUMAN,61
157,ENSG00000174697,LEP,LEP,LEP_HUMAN,167
158,ENSG00000116678,LEPR,LEPR,LEPR_HUMAN,179
159,ENSG00000104826,LHB,LHB,LSHB_HUMAN,27
160,ENSG00000138039,LHCGR,LHCGR,LSHR_HUMAN,125
161,ENSG00000175445,LPL,LPL,LIPL_HUMAN,57
162,ENSG00000258839,MC1R,MC1R,MSHR_HUMAN,204
163,ENSG00000185231,MC2R,MC2R,ACTHR_HUMAN,203
164,ENSG00000124089,MC3R,MC3R,MC3R_HUMAN,170
165,ENSG00000166603,MC4R,MC4R,MC4R_HUMAN,148
166,ENSG00000176136,MC5R,MC5R,MC5R_HUMAN,150
167,ENSG00000128285,MCHR1,MCHR1,MCHR1_HUMAN,247
168,ENSG00000152034,MCHR2,MCHR2,MCHR2_HUMAN,242
169,ENSG00000096395,MLN,MLN,MOTI_HUMAN,93
170,ENSG00000102539,MLNR,MLNR,MTLR_HUMAN,5
171,ENSG00000196549,MME,MME,NEP_HUMAN,66
172,ENSG00000117400,MPL,MPL,TPOR_HUMAN,165
173,ENSG00000168412,MTNR1A,MTNR1A,MTR1A_HUMAN,178
174,ENSG00000134640,MTNR1B,MTNR1B,MTR1B_HUMAN,184
175,ENSG00000123213,NLN,NLN,NEUL_HUMAN,250
176,ENSG00000197696,NMB,NMB,NMB_HUMAN,72
177,ENSG00000135577,NMBR,NMBR,NMBR_HUMAN,132
178,ENSG00000139574,NPFF,NPFF,NPFF_HUMAN,3
179,ENSG00000148734,NPFFR1,NPFFR1,NPFF1_HUMAN,251
180,ENSG00000056291,NPFFR2,NPFFR2,NPFF2_HUMAN,265
181,ENSG00000175206,NPPA,NPPA,ANF_HUMAN,19
182,ENSG00000120937,NPPB,NPPB,ANFB_HUMAN,107
183,ENSG00000163273,NPPC,NPPC,ANFC_HUMAN,126
184,ENSG00000169418,NPR1,NPR1,ANPRA_HUMAN,102
185,ENSG00000159899,NPR2,NPR2,ANPRB_HUMAN,119
186,ENSG00000113389,NPR3,NPR3,ANPRC_HUMAN,109
187,ENSG00000164128,NPY1R,NPY1R,NPY1R_HUMAN,130
188,ENSG00000185149,NPY2R,NPY2R,NPY2R_HUMAN,181
189,ENSG00000204174,NPY4R,NPY4R,NPY4R_HUMAN,188
190,ENSG00000151623,NR3C2,NR3C2,MCR_HUMAN,65
191,ENSG00000133636,NTS,NTS,NEUT_HUMAN,142
192,ENSG00000101188,NTSR1,NTSR1,NTR1_HUMAN,141
193,ENSG00000169006,NTSR2,NTSR2,NTR2_HUMAN,13
194,ENSG00000173391,OLR1,OLR1,OLR1_HUMAN,198
195,ENSG00000277044,OPRL1,OPRL1,OPRX_HUMAN,166
196,ENSG00000125510,OPRL1,OPRL1,OPRX_HUMAN,166
197,ENSG00000112038,OPRM1,OPRM1,OPRM_HUMAN,157
198,ENSG00000176299,OR4M1,OR4M1,OR4M1_HUMAN,232
199,ENSG00000188729,OSTN,OSTN,OSTN_HUMAN,197
200,ENSG00000101405,OXT,OXT,NEU1_HUMAN,20
201,ENSG00000180914,OXTR,OXTR,OXYR_HUMAN,136
202,ENSG00000160781,PAQR6,PAQR6,PAQR6_HUMAN,223
203,ENSG00000170915,PAQR8,PAQR8,PAQR8_HUMAN,234
204,ENSG00000175426,PCSK1,PCSK1,NEC1_HUMAN,133
205,ENSG00000125851,PCSK2,PCSK2,NEC2_HUMAN,105
206,ENSG00000099139,PCSK5,PCSK5,PCSK5_HUMAN,239
207,ENSG00000181195,PENK,PENK,PENK_HUMAN,23
208,ENSG00000082175,PGR,PGR,PRGR_HUMAN,53
209,ENSG00000183395,PMCH,PMCH,MCH_HUMAN,117
210,ENSG00000141744,PNMT,PNMT,PNMT_HUMAN,89
211,ENSG00000168081,PNOC,PNOC,PNOC_HUMAN,211
212,ENSG00000115138,POMC,POMC,COLI_HUMAN,22
213,ENSG00000108849,PPY,PPY,PAHO_HUMAN,37
214,ENSG00000172179,PRL,PRL,PRL_HUMAN,28
215,ENSG00000071677,PRLH,PRLH,PRRP_HUMAN,200
216,ENSG00000113494,PRLR,PRLR,PRLR_HUMAN,103
217,ENSG00000152266,PTH,PTH,PTHY_HUMAN,33
218,ENSG00000160801,PTH1R,PTH1R,PTH1R_HUMAN,207
219,ENSG00000144407,PTH2R,PTH2R,PTH2R_HUMAN,182
220,ENSG00000087494,PTHLH,PTHLH,PTHR_HUMAN,91
221,ENSG00000131096,PYY,PYY,PYY_HUMAN,83
222,ENSG00000188710,QRFP,QRFP,OX26_HUMAN,201
223,ENSG00000186867,QRFPR,QRFPR,QRFPR_HUMAN,244
224,ENSG00000132329,RAMP1,RAMP1,RAMP1_HUMAN,9
225,ENSG00000131477,RAMP2,RAMP2,RAMP2_HUMAN,10
226,ENSG00000122679,RAMP3,RAMP3,RAMP3_HUMAN,11
227,ENSG00000143839,REN,REN,RENI_HUMAN,16
228,ENSG00000104918,RETN,RETN,RETN_HUMAN,254
229,ENSG00000107018,RLN1,RLN1,REL1_HUMAN,45
230,ENSG00000107014,RLN2,RLN2,REL2_HUMAN,43
231,ENSG00000171136,RLN3,RLN3,REL3_HUMAN,236
232,ENSG00000171509,RXFP1,RXFP1,RXFP1_HUMAN,253
233,ENSG00000133105,RXFP2,RXFP2,RXFP2_HUMAN,235
234,ENSG00000182631,RXFP3,RXFP3,RL3R1_HUMAN,257
235,ENSG00000277069,RXFP3,RXFP3,RL3R1_HUMAN,257
236,ENSG00000173080,RXFP4,RXFP4,RL3R2_HUMAN,233
237,ENSG00000074660,SCARF1,SCARF1,SREC_HUMAN,213
238,ENSG00000276336,SCARF1,SCARF1,SREC_HUMAN,213
239,ENSG00000070031,SCT,SCT,SECR_HUMAN,76
240,ENSG00000274473,SCT,SCT,SECR_HUMAN,76
241,ENSG00000080293,SCTR,SCTR,SCTR_HUMAN,176
242,ENSG00000124233,SEMG1,SEMG1,SEMG1_HUMAN,44
243,ENSG00000138449,SLC40A1,SLC40A1,S40A1_HUMAN,255
244,ENSG00000134548,SPX,SPX,SPXN_HUMAN,248
245,ENSG00000145545,SRD5A1,SRD5A1,S5A1_HUMAN,111
246,ENSG00000277893,SRD5A2,SRD5A2,S5A2_HUMAN,143
247,ENSG00000157005,SST,SST,SMS_HUMAN,196
248,ENSG00000139874,SSTR1,SSTR1,SSR1_HUMAN,137
249,ENSG00000180616,SSTR2,SSTR2,SSR2_HUMAN,138
250,ENSG00000278195,SSTR3,SSTR3,SSR3_HUMAN,149
251,ENSG00000132671,SSTR4,SSTR4,SSR4_HUMAN,144
252,ENSG00000162009,SSTR5,SSTR5,SSR5_HUMAN,154
253,ENSG00000010327,STAB1,STAB1,STAB1_HUMAN,258
254,ENSG00000147465,STAR,STAR,STAR_HUMAN,185
255,ENSG00000042832,TG,TG,THYG_HUMAN,32
256,ENSG00000281886,TGM4,TGM4,TGM4_HUMAN,183
257,ENSG00000163810,TGM4,TGM4,TGM4_HUMAN,183
258,ENSG00000180176,TH,TH,TY3H_HUMAN,59
259,ENSG00000172009,THOP1,THOP1,THOP1_HUMAN,190
260,ENSG00000090534,THPO,THPO,TPO_HUMAN,164
261,ENSG00000126351,THRA,THRA,THA_HUMAN,85
262,ENSG00000151090,THRB,THRB,THB_HUMAN,86
263,ENSG00000136869,TLR4,TLR4,TLR4_HUMAN,1
264,ENSG00000160404,TOR2A,TOR2A,TOR2X_HUMAN,230
265,ENSG00000115705,TPO,TPO,PERT_HUMAN,60
266,ENSG00000277603,TPO,TPO,PERT_HUMAN,60
267,ENSG00000170893,TRH,TRH,TRH_HUMAN,118
268,ENSG00000174417,TRHR,TRHR,TRFR_HUMAN,151
269,ENSG00000134200,TSHB,TSHB,TSHB_HUMAN,25
270,ENSG00000165409,TSHR,TSHR,TSHR_HUMAN,104
271,ENSG00000163794,UCN,UCN,UCN1_HUMAN,193
272,ENSG00000145040,UCN2,UCN2,UCN2_HUMAN,245
273,ENSG00000178473,UCN3,UCN3,UCN3_HUMAN,241
274,ENSG00000049247,UTS2,UTS2,UTS2_HUMAN,12
275,ENSG00000188958,UTS2B,UTS2B,UTS2B_HUMAN,226
276,ENSG00000181408,UTS2R,UTS2R,UR2R_HUMAN,261
277,ENSG00000128564,VGF,VGF,VGF_HUMAN,4
278,ENSG00000146469,VIP,VIP,VIP_HUMAN,35
279,ENSG00000114812,VIPR1,VIPR1,VIPR1_HUMAN,147
280,ENSG00000106018,VIPR2,VIPR2,VIPR2_HUMAN,169
