id_interaction,id_cp_interaction,multidata_1_id,multidata_2_id,source,annotation_strategy
0,CPI-CS0F241B874,266,53,Sadaf_Farooqi_group,user_curated
1,CPI-CS04CD8CA4C,266,223,Sadaf_Farooqi_group,user_curated
2,CPI-CS046252329,289,223,Sadaf_Farooqi_group,user_curated
3,CPI-CS0E16FE5FA,308,223,Sadaf_Farooqi_group,user_curated
4,CPI-CS049CF392B,309,223,Sadaf_Farooqi_group,user_curated
5,CPI-CS048CA007D,266,234,Sadaf_Farooqi_group,user_curated
6,CPI-CS039CCE79C,289,234,Sadaf_Farooqi_group,user_curated
7,CPI-CS0D9FC79B5,308,234,Sadaf_Farooqi_group,user_curated
8,CPI-CS0F052F17C,309,234,Sadaf_Farooqi_group,user_curated
9,CPI-CS0F600D66F,267,41,Sadaf_Farooqi_group,user_curated
10,CPI-CS084B978C0,293,41,Sadaf_Farooqi_group,user_curated
11,CPI-CS0DAE71DE6,267,237,Sadaf_Farooqi_group,user_curated
12,CPI-CS09322C0AE,293,237,Sadaf_Farooqi_group,user_curated
13,CPI-CS07EAE1CD8,268,240,Sadaf_Farooqi_group,user_curated
14,CPI-CS00DF8124F,269,63,Sadaf_Farooqi_group,user_curated
15,CPI-CS00378DAD6,307,63,Sadaf_Farooqi_group,user_curated
16,CPI-CS0B8785B40,269,68,Sadaf_Farooqi_group,user_curated
17,CPI-CS05109896D,307,68,Sadaf_Farooqi_group,user_curated
18,CPI-CS0AFC09C98,269,71,Sadaf_Farooqi_group,user_curated
19,CPI-CS00EC297F4,307,71,Sadaf_Farooqi_group,user_curated
20,CPI-CS08500DEC5,269,94,Sadaf_Farooqi_group,user_curated
21,CPI-CS02BB67CB9,307,94,Sadaf_Farooqi_group,user_curated
22,CPI-CS0951DE4D3,269,110,Sadaf_Farooqi_group,user_curated
23,CPI-CS0380E125C,307,110,Sadaf_Farooqi_group,user_curated
24,CPI-CS0D639E100,269,113,Sadaf_Farooqi_group,user_curated
25,CPI-CS00491CDA5,307,113,Sadaf_Farooqi_group,user_curated
26,CPI-CS09921914A,269,129,Sadaf_Farooqi_group,user_curated
27,CPI-CS016AF0AB9,307,129,Sadaf_Farooqi_group,user_curated
28,CPI-CS01ED6168B,269,155,Sadaf_Farooqi_group,user_curated
29,CPI-CS04E7FEEF7,307,155,Sadaf_Farooqi_group,user_curated
30,CPI-CS0BFE200DA,269,156,Sadaf_Farooqi_group,user_curated
31,CPI-CS0125314D6,307,156,Sadaf_Farooqi_group,user_curated
32,CPI-CS0D960B869,270,65,Sadaf_Farooqi_group,user_curated
33,CPI-CS0399F0297,287,65,Sadaf_Farooqi_group,user_curated
34,CPI-CS0269823CC,271,84,Sadaf_Farooqi_group,user_curated
35,CPI-CS0621A4AD3,290,84,Sadaf_Farooqi_group,user_curated
36,CPI-CS0B9F6F62E,291,84,Sadaf_Farooqi_group,user_curated
37,CPI-CS0738D2453,272,135,Sadaf_Farooqi_group,user_curated
38,CPI-CS05EF78C6E,273,135,Sadaf_Farooqi_group,user_curated
39,CPI-CS03E7FED21,274,135,Sadaf_Farooqi_group,user_curated
40,CPI-CS0922A4201,275,135,Sadaf_Farooqi_group,user_curated
41,CPI-CS0923B75D3,276,135,Sadaf_Farooqi_group,user_curated
42,CPI-CS0E18360AE,277,135,Sadaf_Farooqi_group,user_curated
43,CPI-CS07ED37760,272,187,Sadaf_Farooqi_group,user_curated
44,CPI-CS06ADA68AD,273,187,Sadaf_Farooqi_group,user_curated
45,CPI-CS015A8B2F0,274,187,Sadaf_Farooqi_group,user_curated
46,CPI-CS062F9EF1C,275,187,Sadaf_Farooqi_group,user_curated
47,CPI-CS0EDE15DCB,276,187,Sadaf_Farooqi_group,user_curated
48,CPI-CS0953EF4B2,277,187,Sadaf_Farooqi_group,user_curated
49,CPI-CS07F081CA3,278,158,Sadaf_Farooqi_group,user_curated
50,CPI-SS0F7884E8F,116,158,Sadaf_Farooqi_group,user_curated
51,CPI-CS0E34306C3,279,47,Sadaf_Farooqi_group,user_curated
52,CPI-CS0965C0301,279,50,Sadaf_Farooqi_group,user_curated
53,CPI-CS0805379A8,279,55,Sadaf_Farooqi_group,user_curated
54,CPI-CS00FD40AC3,279,69,Sadaf_Farooqi_group,user_curated
55,CPI-CS0F6A5F18B,279,232,Sadaf_Farooqi_group,user_curated
56,CPI-CS05C7D65C5,280,102,Sadaf_Farooqi_group,user_curated
57,CPI-CS0020940D4,304,102,Sadaf_Farooqi_group,user_curated
58,CPI-SS032AD1183,19,102,Sadaf_Farooqi_group,user_curated
59,CPI-CS00528CDD0,280,109,Sadaf_Farooqi_group,user_curated
60,CPI-CS02D7EEE5E,304,109,Sadaf_Farooqi_group,user_curated
61,CPI-SS04A7BCE8D,19,109,Sadaf_Farooqi_group,user_curated
62,CPI-SS023D39112,107,109,Sadaf_Farooqi_group,user_curated
63,CPI-CS09B5F47CA,281,58,Sadaf_Farooqi_group,user_curated
64,CPI-CS0C4A454D5,282,153,Sadaf_Farooqi_group,user_curated
65,CPI-CS083F97091,283,153,Sadaf_Farooqi_group,user_curated
66,CPI-CS0028C52C8,282,227,Sadaf_Farooqi_group,user_curated
67,CPI-CS03AF5B881,283,227,Sadaf_Farooqi_group,user_curated
68,CPI-CS0053D5034,284,260,Sadaf_Farooqi_group,user_curated
69,CPI-CS0DB24EF41,285,260,Sadaf_Farooqi_group,user_curated
70,CPI-CS028F1CBFC,286,260,Sadaf_Farooqi_group,user_curated
71,CPI-CS0D8B17583,288,148,Sadaf_Farooqi_group,user_curated
72,CPI-CS0FA22B7B4,288,150,Sadaf_Farooqi_group,user_curated
73,CPI-CS004E0066F,288,170,Sadaf_Farooqi_group,user_curated
74,CPI-CS0F0F4F216,288,204,Sadaf_Farooqi_group,user_curated
75,CPI-SS019ABECEC,171,204,Sadaf_Farooqi_group,user_curated
76,CPI-CS06DE54214,292,98,Sadaf_Farooqi_group,user_curated
77,CPI-CS080951DFB,292,121,Sadaf_Farooqi_group,user_curated
78,CPI-CS025B66077,292,122,Sadaf_Farooqi_group,user_curated
79,CPI-CS0EC22D30E,292,123,Sadaf_Farooqi_group,user_curated
80,CPI-CS0CA42175F,292,159,Sadaf_Farooqi_group,user_curated
81,CPI-SS05296ED61,0,51,Sadaf_Farooqi_group,user_curated
82,CPI-CS009D9CE82,301,51,Sadaf_Farooqi_group,user_curated
83,CPI-CS0291A4EF8,302,51,Sadaf_Farooqi_group,user_curated
84,CPI-CS03F2078D5,294,127,Sadaf_Farooqi_group,user_curated
85,CPI-CS00C31A1A2,295,175,Sadaf_Farooqi_group,user_curated
86,CPI-CS0C10EEB2D,296,175,Sadaf_Farooqi_group,user_curated
87,CPI-CS01A9654E6,296,14,Sadaf_Farooqi_group,user_curated
88,CPI-CS04CD876CC,296,172,Sadaf_Farooqi_group,user_curated
89,CPI-CS097BFD580,297,255,Sadaf_Farooqi_group,user_curated
90,CPI-CS04C0CCDBD,298,125,Sadaf_Farooqi_group,user_curated
91,CPI-CS02D98385B,299,125,Sadaf_Farooqi_group,user_curated
92,CPI-CS0C1D4EB6E,303,125,Sadaf_Farooqi_group,user_curated
93,CPI-CS077A5E549,300,103,Sadaf_Farooqi_group,user_curated
94,CPI-SS00689751B,28,103,Sadaf_Farooqi_group,user_curated
95,CPI-CS01504B535,305,178,Sadaf_Farooqi_group,user_curated
96,CPI-CS01DADCBD7,305,184,Sadaf_Farooqi_group,user_curated
97,CPI-CS0544FA36B,306,166,Sadaf_Farooqi_group,user_curated
98,CPI-SS0679ACC58,1,254,Sadaf_Farooqi_group,user_curated
99,CPI-SS08AA0D0CE,64,254,Sadaf_Farooqi_group,user_curated
100,CPI-SS0914E6659,202,254,Sadaf_Farooqi_group,user_curated
101,CPI-SS06CE0CF64,2,137,Sadaf_Farooqi_group,user_curated
102,CPI-SS0C272BD3D,2,138,Sadaf_Farooqi_group,user_curated
103,CPI-SS008509DBD,2,144,Sadaf_Farooqi_group,user_curated
104,CPI-SS0AB20B9AD,2,149,Sadaf_Farooqi_group,user_curated
105,CPI-SS0C7FC7214,3,251,Sadaf_Farooqi_group,user_curated
106,CPI-SS06CA10698,3,265,Sadaf_Farooqi_group,user_curated
107,CPI-SS0FB02D333,4,218,Sadaf_Farooqi_group,user_curated
108,CPI-SS0C236FE29,4,256,Sadaf_Farooqi_group,user_curated
109,CPI-SS014BDDB65,5,93,Sadaf_Farooqi_group,user_curated
110,CPI-SS0D9BC4188,6,139,Sadaf_Farooqi_group,user_curated
111,CPI-SS0D9EFC4F7,18,139,Sadaf_Farooqi_group,user_curated
112,CPI-SS0F8ABC300,7,124,Sadaf_Farooqi_group,user_curated
113,CPI-SS0D03910A0,7,259,Sadaf_Farooqi_group,user_curated
114,CPI-SS0B0E74BC0,174,259,Sadaf_Farooqi_group,user_curated
115,CPI-SC08FC4B038,7,310,Sadaf_Farooqi_group,user_curated
116,CPI-SC0F142DCCB,8,310,Sadaf_Farooqi_group,user_curated
117,CPI-SS0E214E52E,9,88,Sadaf_Farooqi_group,user_curated
118,CPI-SS0CFE9BAA0,10,88,Sadaf_Farooqi_group,user_curated
119,CPI-SS0478DECA8,11,88,Sadaf_Farooqi_group,user_curated
120,CPI-SS033C67295,12,261,Sadaf_Farooqi_group,user_curated
121,CPI-SS0706A559F,226,261,Sadaf_Farooqi_group,user_curated
122,CPI-SC07BD26C9A,13,324,Sadaf_Farooqi_group,user_curated
123,CPI-SC0AE2C276F,141,324,Sadaf_Farooqi_group,user_curated
124,CPI-SC0CA600D24,15,319,Sadaf_Farooqi_group,user_curated
125,CPI-SC0EBE963D0,84,319,Sadaf_Farooqi_group,user_curated
126,CPI-SC011A78793,15,320,Sadaf_Farooqi_group,user_curated
127,CPI-SC022FA5D88,84,320,Sadaf_Farooqi_group,user_curated
128,CPI-SS04B547174,20,136,Sadaf_Farooqi_group,user_curated
129,CPI-SS00399ED03,21,163,Sadaf_Farooqi_group,user_curated
130,CPI-SS02D4E44C7,21,177,Sadaf_Farooqi_group,user_curated
131,CPI-SS0D97012FB,23,157,Sadaf_Farooqi_group,user_curated
132,CPI-SS0ACD3CCEE,29,87,Sadaf_Farooqi_group,user_curated
133,CPI-SS0DB45E7DF,30,87,Sadaf_Farooqi_group,user_curated
134,CPI-SS015B2F961,31,140,Sadaf_Farooqi_group,user_curated
135,CPI-SS00D9A2FD0,88,140,Sadaf_Farooqi_group,user_curated
136,CPI-SS0F32DB87D,33,207,Sadaf_Farooqi_group,user_curated
137,CPI-SS0483CE4ED,91,207,Sadaf_Farooqi_group,user_curated
138,CPI-SS0C8A09915,35,147,Sadaf_Farooqi_group,user_curated
139,CPI-SS05B60E59C,35,169,Sadaf_Farooqi_group,user_curated
140,CPI-SS074050495,36,205,Sadaf_Farooqi_group,user_curated
141,CPI-SS0611CCD79,37,130,Sadaf_Farooqi_group,user_curated
142,CPI-SS0A9F17199,83,130,Sadaf_Farooqi_group,user_curated
143,CPI-SS06F643928,37,181,Sadaf_Farooqi_group,user_curated
144,CPI-SS0FEF2FF5D,83,181,Sadaf_Farooqi_group,user_curated
145,CPI-SS0A06F86B9,37,188,Sadaf_Farooqi_group,user_curated
146,CPI-SS0A82945AA,83,188,Sadaf_Farooqi_group,user_curated
147,CPI-SS0830AF8E6,39,146,Sadaf_Farooqi_group,user_curated
148,CPI-SS00AD71822,52,146,Sadaf_Farooqi_group,user_curated
149,CPI-SS087A17AD6,40,115,Sadaf_Farooqi_group,user_curated
150,CPI-SS04B66475E,42,161,Sadaf_Farooqi_group,user_curated
151,CPI-SS02B613778,42,208,Sadaf_Farooqi_group,user_curated
152,CPI-SS00F7918DD,67,208,Sadaf_Farooqi_group,user_curated
153,CPI-SS03DEE37D3,74,208,Sadaf_Farooqi_group,user_curated
154,CPI-SS0244869FF,194,208,Sadaf_Farooqi_group,user_curated
155,CPI-SS05A286193,195,208,Sadaf_Farooqi_group,user_curated
156,CPI-SS0199ABE85,42,221,Sadaf_Farooqi_group,user_curated
157,CPI-SS045EC4F7D,43,253,Sadaf_Farooqi_group,user_curated
158,CPI-SS0FAE75A75,45,253,Sadaf_Farooqi_group,user_curated
159,CPI-SS031E35270,236,253,Sadaf_Farooqi_group,user_curated
160,CPI-SS0EA96C304,52,145,Sadaf_Farooqi_group,user_curated
161,CPI-SC02D5706CC,53,309,Sadaf_Farooqi_group,user_curated
162,CPI-SS0737C4A81,54,230,Sadaf_Farooqi_group,user_curated
163,CPI-SS012C7B280,55,231,Sadaf_Farooqi_group,user_curated
164,CPI-SS06B1216BE,56,152,Sadaf_Farooqi_group,user_curated
165,CPI-SS0A05319F5,56,210,Sadaf_Farooqi_group,user_curated
166,CPI-SS0E654708F,193,210,Sadaf_Farooqi_group,user_curated
167,CPI-SS0617F7BE6,57,225,Sadaf_Farooqi_group,user_curated
168,CPI-SS07AF9303D,62,134,Sadaf_Farooqi_group,user_curated
169,CPI-SS0B9860AD7,67,131,Sadaf_Farooqi_group,user_curated
170,CPI-SS0FF5FD51E,74,131,Sadaf_Farooqi_group,user_curated
171,CPI-SS0A168FADA,67,212,Sadaf_Farooqi_group,user_curated
172,CPI-SS0C62C1EC6,74,212,Sadaf_Farooqi_group,user_curated
173,CPI-SS04BE14432,194,212,Sadaf_Farooqi_group,user_curated
174,CPI-SS09CCC0451,195,212,Sadaf_Farooqi_group,user_curated
175,CPI-SS0EAF7B072,72,132,Sadaf_Farooqi_group,user_curated
176,CPI-SS00C33AA55,75,180,Sadaf_Farooqi_group,user_curated
177,CPI-SS021F26C73,76,176,Sadaf_Farooqi_group,user_curated
178,CPI-SS096269697,78,228,Sadaf_Farooqi_group,user_curated
179,CPI-SS02B6C93AE,216,228,Sadaf_Farooqi_group,user_curated
180,CPI-SS0C64B0051,78,243,Sadaf_Farooqi_group,user_curated
181,CPI-SS092BA2CCB,216,243,Sadaf_Farooqi_group,user_curated
182,CPI-SC07F91A278,84,317,Sadaf_Farooqi_group,user_curated
183,CPI-SC09C517D2D,85,311,Sadaf_Farooqi_group,user_curated
184,CPI-SC0E2DD39DC,86,311,Sadaf_Farooqi_group,user_curated
185,CPI-SC03D93ACB1,85,312,Sadaf_Farooqi_group,user_curated
186,CPI-SC08809BA55,86,312,Sadaf_Farooqi_group,user_curated
187,CPI-SC0CB6211B1,85,313,Sadaf_Farooqi_group,user_curated
188,CPI-SC03C29D533,86,313,Sadaf_Farooqi_group,user_curated
189,CPI-SC0C463265F,85,314,Sadaf_Farooqi_group,user_curated
190,CPI-SC0A6117D05,86,314,Sadaf_Farooqi_group,user_curated
191,CPI-SS012B216F6,91,182,Sadaf_Farooqi_group,user_curated
192,CPI-SS08E6EA18C,102,107,Sadaf_Farooqi_group,user_curated
193,CPI-SS02710EF08,103,200,Sadaf_Farooqi_group,user_curated
194,CPI-SS065AE449C,177,200,Sadaf_Farooqi_group,user_curated
195,CPI-SS02C0BCFFE,103,214,Sadaf_Farooqi_group,user_curated
196,CPI-SS0623B8336,104,246,Sadaf_Farooqi_group,user_curated
197,CPI-SC0A3B964E5,104,316,Sadaf_Farooqi_group,user_curated
198,CPI-SS03BEBE54B,106,252,Sadaf_Farooqi_group,user_curated
199,CPI-SS0D9DFCCA7,198,252,Sadaf_Farooqi_group,user_curated
200,CPI-SS09893C82C,213,252,Sadaf_Farooqi_group,user_curated
201,CPI-SS0EB4002A2,109,126,Sadaf_Farooqi_group,user_curated
202,CPI-SS06B94F144,119,126,Sadaf_Farooqi_group,user_curated
203,CPI-SS05F0AFA81,109,197,Sadaf_Farooqi_group,user_curated
204,CPI-SS0133239EA,112,168,Sadaf_Farooqi_group,user_curated
205,CPI-SS029B74C35,117,242,Sadaf_Farooqi_group,user_curated
206,CPI-SS0362EFFDE,117,247,Sadaf_Farooqi_group,user_curated
207,CPI-SS00F69C501,118,151,Sadaf_Farooqi_group,user_curated
208,CPI-SS0BE567EFB,124,174,Sadaf_Farooqi_group,user_curated
209,CPI-SS09A3A441F,128,206,Sadaf_Farooqi_group,user_curated
210,CPI-SS0D53B88CC,131,194,Sadaf_Farooqi_group,user_curated
211,CPI-SS099C401F7,131,195,Sadaf_Farooqi_group,user_curated
212,CPI-SC0D568ED42,131,318,Sadaf_Farooqi_group,user_curated
213,CPI-SC063F8ECF5,208,318,Sadaf_Farooqi_group,user_curated
214,CPI-SC0D6D63D19,212,318,Sadaf_Farooqi_group,user_curated
215,CPI-SC005960A81,131,322,Sadaf_Farooqi_group,user_curated
216,CPI-SC02C17FE56,208,322,Sadaf_Farooqi_group,user_curated
217,CPI-SC0ED739664,212,322,Sadaf_Farooqi_group,user_curated
218,CPI-SC0C4B8055E,131,323,Sadaf_Farooqi_group,user_curated
219,CPI-SC0D66B724C,208,323,Sadaf_Farooqi_group,user_curated
220,CPI-SC07224F475,212,323,Sadaf_Farooqi_group,user_curated
221,CPI-SS00C069DCB,137,196,Sadaf_Farooqi_group,user_curated
222,CPI-SS0708F743A,154,196,Sadaf_Farooqi_group,user_curated
223,CPI-SC0A09AB005,141,326,Sadaf_Farooqi_group,user_curated
224,CPI-SC0D44B5E2D,148,321,Sadaf_Farooqi_group,user_curated
225,CPI-SC07EE63A6C,150,321,Sadaf_Farooqi_group,user_curated
226,CPI-SC01E8E4681,170,321,Sadaf_Farooqi_group,user_curated
227,CPI-SC0BBF89223,204,321,Sadaf_Farooqi_group,user_curated
228,CPI-SC0B0D4012D,148,325,Sadaf_Farooqi_group,user_curated
229,CPI-SC0191847DE,150,325,Sadaf_Farooqi_group,user_curated
230,CPI-SC0AC590884,170,325,Sadaf_Farooqi_group,user_curated
231,CPI-SC05C78A714,203,325,Sadaf_Farooqi_group,user_curated
232,CPI-SC049A9BA15,204,325,Sadaf_Farooqi_group,user_curated
233,CPI-SC0E0059B70,151,315,Sadaf_Farooqi_group,user_curated
234,CPI-SS07D6A511D,152,193,Sadaf_Farooqi_group,user_curated
235,CPI-SS0DB9B2662,152,241,Sadaf_Farooqi_group,user_curated
236,CPI-SS02EDE5894,210,241,Sadaf_Farooqi_group,user_curated
237,CPI-SS062C4355A,152,245,Sadaf_Farooqi_group,user_curated
238,CPI-SS083E7D88C,210,245,Sadaf_Farooqi_group,user_curated
239,CPI-SS0DC2DD9D7,164,165,Sadaf_Farooqi_group,user_curated
240,CPI-SS066FE05CA,167,179,Sadaf_Farooqi_group,user_curated
241,CPI-SS06CF55F94,189,235,Sadaf_Farooqi_group,user_curated
242,CPI-SS0BC884A75,201,244,Sadaf_Farooqi_group,user_curated
243,CPI-SS07DFEBFA8,215,224,Sadaf_Farooqi_group,user_curated
244,CPI-SS0D1F6F411,225,229,Sadaf_Farooqi_group,user_curated
245,CPI-SS0A6477344,233,236,Sadaf_Farooqi_group,user_curated
246,CPI-SS0799949D7,233,264,Sadaf_Farooqi_group,user_curated
247,CPI-SS02EF37382,236,257,Sadaf_Farooqi_group,user_curated
248,CPI-SS03A290DA7,252,258,Sadaf_Farooqi_group,user_curated
