id_multidata,name,receptor,receptor_desc,other,other_desc,secreted_highlight,secreted_desc,transmembrane,secreted,peripheral,integrin,is_complex
0,F8WCM5,False,,False,,False,,False,False,False,False,False
1,O00206,False,,False,,False,,False,False,False,False,False
2,O00230,False,,False,,False,,False,False,False,False,False
3,O15130,False,,False,,False,,False,False,False,False,False
4,O15240,False,,False,,False,,False,False,False,False,False
5,O43193,False,,False,,False,,False,False,False,False,False
6,O43555,False,,False,,False,,False,False,False,False,False
7,O43603,False,,False,,False,,False,False,False,False,False
8,O60755,False,,False,,False,,False,False,False,False,False
9,O60894,False,,False,,False,,False,False,False,False,False
10,O60895,False,,False,,False,,False,False,False,False,False
11,O60896,False,,False,,False,,False,False,False,False,False
12,O95399,False,,False,,False,,False,False,False,False,False
13,O95665,False,,False,,False,,False,False,False,False,False
14,O95838,False,,False,,False,,False,False,False,False,False
15,O95925,False,,False,,False,,False,False,False,False,False
16,P00797,False,,False,,False,,False,False,False,False,False
17,P01019,False,,False,,False,,False,False,False,False,False
18,P01148,False,,False,,False,,False,False,False,False,False
19,P01160,False,,False,,False,,False,False,False,False,False
20,P01178,False,,False,,False,,False,False,False,False,False
21,P01185,False,,False,,False,,False,False,False,False,False
22,P01189,False,,False,,False,,False,False,False,False,False
23,P01210,False,,False,,False,,False,False,False,False,False
24,P01215,False,,False,,False,,False,False,False,False,False
25,P01222,False,,False,,False,,False,False,False,False,False
26,P01225,False,,False,,False,,False,False,False,False,False
27,P01229,False,,False,,False,,False,False,False,False,False
28,P01236,False,,False,,False,,False,False,False,False,False
29,P01241,False,,False,,False,,False,False,False,False,False
30,P01242,False,,False,,False,,False,False,False,False,False
31,P01258,False,,False,,False,,False,False,False,False,False
32,P01266,False,,False,,False,,False,False,False,False,False
33,P01270,False,,False,,False,,False,False,False,False,False
34,P01275,False,,False,,False,,False,False,False,False,False
35,P01282,False,,False,,False,,False,False,False,False,False
36,P01286,False,,False,,False,,False,False,False,False,False
37,P01298,False,,False,,False,,False,False,False,False,False
38,P01308,False,,False,,False,,False,False,False,False,False
39,P01350,False,,False,,False,,False,False,False,False,False
40,P01588,False,,False,,False,,False,False,False,False,False
41,P03372,False,,False,,False,,False,False,False,False,False
42,P03971,False,,False,,False,,False,False,False,False,False
43,P04090,False,,False,,False,,False,False,False,False,False
44,P04279,False,,False,,False,,False,False,False,False,False
45,P04808,False,,False,,False,,False,False,False,False,False
46,P05093,False,,False,,False,,False,False,False,False,False
47,P05106,False,,False,,False,,False,False,False,False,False
48,P05108,False,,False,,False,,False,False,False,False,False
49,P05111,False,,False,,False,,False,False,False,False,False
50,P05556,False,,False,,False,,False,False,False,False,False
51,P06213,False,,False,,False,,False,False,False,False,False
52,P06307,False,,False,,False,,False,False,False,False,False
53,P06401,False,,False,,False,,False,False,False,False,False
54,P06576,False,,False,,False,,False,False,False,False,False
55,P06756,False,,False,,False,,False,False,False,False,False
56,P06850,False,,False,,False,,False,False,False,False,False
57,P06858,False,,False,,False,,False,False,False,False,False
58,P06881,False,,False,,False,,False,False,False,False,False
59,P07101,False,,False,,False,,False,False,False,False,False
60,P07202,False,,False,,False,,False,False,False,False,False
61,P07288,False,,False,,False,,False,False,False,False,False
62,P07492,False,,False,,False,,False,False,False,False,False
63,P07550,False,,False,,False,,False,False,False,False,False
64,P07585,False,,False,,False,,False,False,False,False,False
65,P08235,False,,False,,False,,False,False,False,False,False
66,P08473,False,,False,,False,,False,False,False,False,False
67,P08476,False,,False,,False,,False,False,False,False,False
68,P08588,False,,False,,False,,False,False,False,False,False
69,P08648,False,,False,,False,,False,False,False,False,False
70,P08686,False,,False,,False,,False,False,False,False,False
71,P08913,False,,False,,False,,False,False,False,False,False
72,P08949,False,,False,,False,,False,False,False,False,False
73,P09172,False,,False,,False,,False,False,False,False,False
74,P09529,False,,False,,False,,False,False,False,False,False
75,P09681,False,,False,,False,,False,False,False,False,False
76,P09683,False,,False,,False,,False,False,False,False,False
77,P09958,False,,False,,False,,False,False,False,False,False
78,P0C862,False,,False,,False,,False,False,False,False,False
79,P0DML2,False,,False,,False,,False,False,False,False,False
80,P0DML3,False,,False,,False,,False,False,False,False,False
81,P0DN86,False,,False,,False,,False,False,False,False,False
82,P0DN87,False,,False,,False,,False,False,False,False,False
83,P10082,False,,False,,False,,False,False,False,False,False
84,P10275,False,,False,,False,,False,False,False,False,False
85,P10827,False,,False,,False,,False,False,False,False,False
86,P10828,False,,False,,False,,False,False,False,False,False
87,P10912,False,,False,,False,,False,False,False,False,False
88,P10997,False,,False,,False,,False,False,False,False,False
89,P11086,False,,False,,False,,False,False,False,False,False
90,P11511,False,,False,,False,,False,False,False,False,False
91,P12272,False,,False,,False,,False,False,False,False,False
92,P12821,False,,False,,False,,False,False,False,False,False
93,P12872,False,,False,,False,,False,False,False,False,False
94,P13945,False,,False,,False,,False,False,False,False,False
95,P14060,False,,False,,False,,False,False,False,False,False
96,P14061,False,,False,,False,,False,False,False,False,False
97,P14091,False,,False,,False,,False,False,False,False,False
98,P14416,False,,False,,False,,False,False,False,False,False
99,P14735,False,,False,,False,,False,False,False,False,False
100,P15144,False,,False,,False,,False,False,False,False,False
101,P15538,False,,False,,False,,False,False,False,False,False
102,P16066,False,,False,,False,,False,False,False,False,False
103,P16471,False,,False,,False,,False,False,False,False,False
104,P16473,False,,False,,False,,False,False,False,False,False
105,P16519,False,,False,,False,,False,False,False,False,False
106,P16671,False,,False,,False,,False,False,False,False,False
107,P16860,False,,False,,False,,False,False,False,False,False
108,P16870,False,,False,,False,,False,False,False,False,False
109,P17342,False,,False,,False,,False,False,False,False,False
110,P18089,False,,False,,False,,False,False,False,False,False
111,P18405,False,,False,,False,,False,False,False,False,False
112,P18509,False,,False,,False,,False,False,False,False,False
113,P18825,False,,False,,False,,False,False,False,False,False
114,P19099,False,,False,,False,,False,False,False,False,False
115,P19235,False,,False,,False,,False,False,False,False,False
116,P19883,False,,False,,False,,False,False,False,False,False
117,P20382,False,,False,,False,,False,False,False,False,False
118,P20396,False,,False,,False,,False,False,False,False,False
119,P20594,False,,False,,False,,False,False,False,False,False
120,P20711,False,,False,,False,,False,False,False,False,False
121,P21728,False,,False,,False,,False,False,False,False,False
122,P21917,False,,False,,False,,False,False,False,False,False
123,P21918,False,,False,,False,,False,False,False,False,False
124,P22466,False,,False,,False,,False,False,False,False,False
125,P22888,False,,False,,False,,False,False,False,False,False
126,P23582,False,,False,,False,,False,False,False,False,False
127,P23945,False,,False,,False,,False,False,False,False,False
128,P25092,False,,False,,False,,False,False,False,False,False
129,P25100,False,,False,,False,,False,False,False,False,False
130,P25929,False,,False,,False,,False,False,False,False,False
131,P27037,False,,False,,False,,False,False,False,False,False
132,P28336,False,,False,,False,,False,False,False,False,False
133,P29120,False,,False,,False,,False,False,False,False,False
134,P30550,False,,False,,False,,False,False,False,False,False
135,P30556,False,,False,,False,,False,False,False,False,False
136,P30559,False,,False,,False,,False,False,False,False,False
137,P30872,False,,False,,False,,False,False,False,False,False
138,P30874,False,,False,,False,,False,False,False,False,False
139,P30968,False,,False,,False,,False,False,False,False,False
140,P30988,False,,False,,False,,False,False,False,False,False
141,P30989,False,,False,,False,,False,False,False,False,False
142,P30990,False,,False,,False,,False,False,False,False,False
143,P31213,False,,False,,False,,False,False,False,False,False
144,P31391,False,,False,,False,,False,False,False,False,False
145,P32238,False,,False,,False,,False,False,False,False,False
146,P32239,False,,False,,False,,False,False,False,False,False
147,P32241,False,,False,,False,,False,False,False,False,False
148,P32245,False,,False,,False,,False,False,False,False,False
149,P32745,False,,False,,False,,False,False,False,False,False
150,P33032,False,,False,,False,,False,False,False,False,False
151,P34981,False,,False,,False,,False,False,False,False,False
152,P34998,False,,False,,False,,False,False,False,False,False
153,P35318,False,,False,,False,,False,False,False,False,False
154,P35346,False,,False,,False,,False,False,False,False,False
155,P35348,False,,False,,False,,False,False,False,False,False
156,P35368,False,,False,,False,,False,False,False,False,False
157,P35372,False,,False,,False,,False,False,False,False,False
158,P35414,False,,False,,False,,False,False,False,False,False
159,P35462,False,,False,,False,,False,False,False,False,False
160,P35555,False,,False,,False,,False,False,False,False,False
161,P36894,False,,False,,False,,False,False,False,False,False
162,P37058,False,,False,,False,,False,False,False,False,False
163,P37288,False,,False,,False,,False,False,False,False,False
164,P40225,False,,False,,False,,False,False,False,False,False
165,P40238,False,,False,,False,,False,False,False,False,False
166,P41146,False,,False,,False,,False,False,False,False,False
167,P41159,False,,False,,False,,False,False,False,False,False
168,P41586,False,,False,,False,,False,False,False,False,False
169,P41587,False,,False,,False,,False,False,False,False,False
170,P41968,False,,False,,False,,False,False,False,False,False
171,P42127,False,,False,,False,,False,False,False,False,False
172,P43220,False,,False,,False,,False,False,False,False,False
173,P46597,False,,False,,False,,False,False,False,False,False
174,P47211,False,,False,,False,,False,False,False,False,False
175,P47871,False,,False,,False,,False,False,False,False,False
176,P47872,False,,False,,False,,False,False,False,False,False
177,P47901,False,,False,,False,,False,False,False,False,False
178,P48039,False,,False,,False,,False,False,False,False,False
179,P48357,False,,False,,False,,False,False,False,False,False
180,P48546,False,,False,,False,,False,False,False,False,False
181,P49146,False,,False,,False,,False,False,False,False,False
182,P49190,False,,False,,False,,False,False,False,False,False
183,P49221,False,,False,,False,,False,False,False,False,False
184,P49286,False,,False,,False,,False,False,False,False,False
185,P49675,False,,False,,False,,False,False,False,False,False
186,P49895,False,,False,,False,,False,False,False,False,False
187,P50052,False,,False,,False,,False,False,False,False,False
188,P50391,False,,False,,False,,False,False,False,False,False
189,P51460,False,,False,,False,,False,False,False,False,False
190,P52888,False,,False,,False,,False,False,False,False,False
191,P53621,False,,False,,False,,False,False,False,False,False
192,P55073,False,,False,,False,,False,False,False,False,False
193,P55089,False,,False,,False,,False,False,False,False,False
194,P55103,False,,False,,False,,False,False,False,False,False
195,P58166,False,,False,,False,,False,False,False,False,False
196,P61278,False,,False,,False,,False,False,False,False,False
197,P61366,False,,False,,False,,False,False,False,False,False
198,P78380,False,,False,,False,,False,False,False,False,False
199,P81172,False,,False,,False,,False,False,False,False,False
200,P81277,False,,False,,False,,False,False,False,False,False
201,P83859,False,,False,,False,,False,False,False,False,False
202,Q01518,False,,False,,False,,False,False,False,False,False
203,Q01718,False,,False,,False,,False,False,False,False,False
204,Q01726,False,,False,,False,,False,False,False,False,False
205,Q02643,False,,False,,False,,False,False,False,False,False
206,Q02747,False,,False,,False,,False,False,False,False,False
207,Q03431,False,,False,,False,,False,False,False,False,False
208,Q04771,False,,False,,False,,False,False,False,False,False
209,Q07075,False,,False,,False,,False,False,False,False,False
210,Q13324,False,,False,,False,,False,False,False,False,False
211,Q13519,False,,False,,False,,False,False,False,False,False
212,Q13705,False,,False,,False,,False,False,False,False,False
213,Q14162,False,,False,,False,,False,False,False,False,False
214,Q14406,False,,False,,False,,False,False,False,False,False
215,Q15760,False,,False,,False,,False,False,False,False,False
216,Q15848,False,,False,,False,,False,False,False,False,False
217,Q16568,False,,False,,False,,False,False,False,False,False
218,Q16581,False,,False,,False,,False,False,False,False,False
219,Q16602,False,,False,,False,,False,False,False,False,False
220,Q16613,False,,False,,False,,False,False,False,False,False
221,Q16671,False,,False,,False,,False,False,False,False,False
222,Q5T7M4,False,,False,,False,,False,False,False,False,False
223,Q6TCH4,False,,False,,False,,False,False,False,False,False
224,Q6UWT2,False,,False,,False,,False,False,False,False,False
225,Q6UXH0,False,,False,,False,,False,False,False,False,False
226,Q765I0,False,,False,,False,,False,False,False,False,False
227,Q7Z4H4,False,,False,,False,,False,False,False,False,False
228,Q86V24,False,,False,,False,,False,False,False,False,False
229,Q8IV16,False,,False,,False,,False,False,False,False,False
230,Q8N2E6,False,,False,,False,,False,False,False,False,False
231,Q8NAU1,False,,False,,False,,False,False,False,False,False
232,Q8NGD0,False,,False,,False,,False,False,False,False,False
233,Q8TDU9,False,,False,,False,,False,False,False,False,False
234,Q8TEZ7,False,,False,,False,,False,False,False,False,False
235,Q8WXD0,False,,False,,False,,False,False,False,False,False
236,Q8WXF3,False,,False,,False,,False,False,False,False,False
237,Q92731,False,,False,,False,,False,False,False,False,False
238,Q92813,False,,False,,False,,False,False,False,False,False
239,Q92824,False,,False,,False,,False,False,False,False,False
240,Q92847,False,,False,,False,,False,False,False,False,False
241,Q969E3,False,,False,,False,,False,False,False,False,False
242,Q969V1,False,,False,,False,,False,False,False,False,False
243,Q96A54,False,,False,,False,,False,False,False,False,False
244,Q96P65,False,,False,,False,,False,False,False,False,False
245,Q96RP3,False,,False,,False,,False,False,False,False,False
246,Q96T91,False,,False,,False,,False,False,False,False,False
247,Q99705,False,,False,,False,,False,False,False,False,False
248,Q9BT56,False,,False,,False,,False,False,False,False,False
249,Q9BYF1,False,,False,,False,,False,False,False,False,False
250,Q9BYT8,False,,False,,False,,False,False,False,False,False
251,Q9GZQ6,False,,False,,False,,False,False,False,False,False
252,Q9H1Z8,False,,False,,False,,False,False,False,False,False
253,Q9HBX9,False,,False,,False,,False,False,False,False,False
254,Q9HD89,False,,False,,False,,False,False,False,False,False
255,Q9NP59,False,,False,,False,,False,False,False,False,False
256,Q9NPY3,False,,False,,False,,False,False,False,False,False
257,Q9NSD7,False,,False,,False,,False,False,False,False,False
258,Q9NY15,False,,False,,False,,False,False,False,False,False
259,Q9UBC7,False,,False,,False,,False,False,False,False,False
260,Q9UJ42,False,,False,,False,,False,False,False,False,False
261,Q9UKP6,False,,False,,False,,False,False,False,False,False
262,Q9ULZ1,False,,False,,False,,False,False,False,False,False
263,Q9Y5Q5,False,,False,,False,,False,False,False,False,False
264,Q9Y5Q6,False,,False,,False,,False,False,False,False,False
265,Q9Y5X5,False,,False,,False,,False,False,False,False,False
266,17-OH-progesterone_from_pregnenolone_by_HSDB_CYP17A1_complex,False,,False,,False,,False,False,False,False,True
267,17beta-estradiol_from_estrone_by_DHB1_complex,False,,False,,False,,False,False,False,False,True
268,Adipolin fC1QTNF12_Adipolin gC1QTNF12_from_Adipolin_by_Furin_complex,False,,False,,False,,False,False,False,False,True
269,Adrenalin_from_Noradrenaline_by_PNMT_complex,False,,False,,False,,False,False,False,False,True
270,Aldosterone_from_progesterone_by_CYP21A1_CYP11B1_CYP11B2_complex,False,,False,,False,,False,False,False,False,True
271,Androstendione_from_17-OH-Pregnenolone_by_HSDB_CYP17A1_complex,False,,False,,False,,False,False,False,False,True
272,Angiotensin1-7_from_Angiotensinogen_by_Neprilysin_by_Thimet-oligopeptidase_complex,False,,False,,False,,False,False,False,False,True
273,Angiotensin1-9_Angiotensin1-7_from_Angiotensinogen_by_ACE2_complex,False,,False,,False,,False,False,False,False,True
274,Angiotensin1_from_Angiotensinogen_by_Renin_complex,False,,False,,False,,False,False,False,False,True
275,Angiotensin2_Angiotensin1-7_Angiotensin1-5_from_Angiotensiogen_byACE_complex,False,,False,,False,,False,False,False,False,True
276,Angiotensin3_byAminopeptidaseA_complex,False,,False,,False,,False,False,False,False,True
277,Angiotensin4_byAminopeptidaseN_complex,False,,False,,False,,False,False,False,False,True
278,Apelin36_Apelin31_Apelin28_Apelin-13_from_Apelin_by_PCSK3_complex,False,,False,,False,,False,False,False,False,True
279,Asprosin_from_Fibrillin-1_by_Furin_complex,False,,False,,False,,False,False,False,False,True
280,Atrial natriuretic peptide_from_NatriureticPeptidaseA_byCorin_complex,False,,False,,False,,False,False,False,False,True
281,CALRL_RAMP1_complex,False,,False,,False,,False,False,False,False,True
282,CALRL_RAMP2_complex,False,,False,,False,,False,False,False,False,True
283,CALRL_RAMP3_complex,False,,False,,False,,False,False,False,False,True
284,CART1-39_CART42-89_from_CART_prepropeptide_by_PCSK1_complex,False,,False,,False,,False,False,False,False,True
285,CART1-39_CART42-89_from_CART_prepropeptide_by_PCSK2_complex,False,,False,,False,,False,False,False,False,True
286,CART1-39_CART42-89_from_CART_prepropeptide_by_PCSK5_complex,False,,False,,False,,False,False,False,False,True
287,Cortisol_from_17-OH-Progesterone_by_CYP21A2_CYP11B1_complex,False,,False,,False,,False,False,False,False,True
288,DAalphaMSH_alphaMSH_from_POMC_by_PSCK1_PCSK2_CPE_complex,False,,False,,False,,False,False,False,False,True
289,Dehydroepiandrosterone_from_17-OH-Pregnenolone_by_CYP17A1_complex,False,,False,,False,,False,False,False,False,True
290,Diydrotestosterone_from_testosterone_by_SRD5A1_complex,False,,False,,False,,False,False,False,False,True
291,Diydrotestosterone_from_testosterone_by_SRD5A2_complex,False,,False,,False,,False,False,False,False,True
292,Dopamine_from_tyrosine_by_TH_DDC_complex,False,,False,,False,,False,False,False,False,True
293,Estrone_Estradiol_from_Androstendione_Testosterone_by_CYP19A1_complex,False,,False,,False,,False,False,False,False,True
294,FSH_from_ glcoprotein-hormones-alpha-chain_FSH-subunit-beta_complex,False,,False,,False,,False,False,False,False,True
295,Glicentin-relatedPolypeptide_Glucagon_from_Proglucagon_by_PCSK2_complex,False,,False,,False,,False,False,False,False,True
296,GlucagonLikePeptide1_GlucagonLikePeptide1(7-37)_GlucagonLikePeptide1(7-36)_GlucagonLikePeptide2_Glicentin_Oxyntomodulin_from_Proglucagon_by_PCSK1_complex,False,,False,,False,,False,False,False,False,True
297,Hepcidin-25_Hpecidin-20_from_Hepcidin_by_Furin_complex,False,,False,,False,,False,False,False,False,True
298,Human-chorionic-gonadotropin-type1_from_glycopotein-hromone-alpha-chain_CGB7_complex,False,,False,,False,,False,False,False,False,True
299,Human-chorionic-gonadotropin-type2_from_glycopotein-hromone-alpha-chain_beta-CG3_complex,False,,False,,False,,False,False,False,False,True
300,Human-placental-lactogen_from_CSH1_CSH2_complex,False,,False,,False,,False,False,False,False,True
301,Insulin A chain_from_Insulin_by_PCSK2_by_CPE_complex,False,,False,,False,,False,False,False,False,True
302,Insulin B chain_from_Insulin_by_PCSK1_by_CPE_complex,False,,False,,False,,False,False,False,False,True
303,LH_from_ glcoprotein-hormones-alpha-chain_LH-subunit-beta_complex,False,,False,,False,,False,False,False,False,True
304,Long-acting natriuretic peptide_from_NatriureticPeptidesA_by_Neprilysin_by_IDE_complex,False,,False,,False,,False,False,False,False,True
305,Melatonin_from_serotonin_by_AANAT_HIOMT_complex,False,,False,,False,,False,False,False,False,True
306,Nocistatin_Nociceptin_Orphanin-FQ2_from_prepronociceptin_by_Neprilysin_complex,False,,False,,False,,False,False,False,False,True
307,Noradrenaline_from_dopamine_by_DBH_complex,False,,False,,False,,False,False,False,False,True
308,Pregnenolone_from_cholesterol_by_StAR_CYP11A1_complex,False,,False,,False,,False,False,False,False,True
309,Progesterone_from_pregnenolone_by_HSDB_complex,False,,False,,False,,False,False,False,False,True
310,Spexin-1_Spexin2_from_Spexin_by_PCSK2_complex,False,,False,,False,,False,False,False,False,True
311,T3_byDIO1_complex,False,,False,,False,,False,False,False,False,True
312,T3_byDIO2_complex,False,,False,,False,,False,False,False,False,True
313,T3_byDIO3_complex,False,,False,,False,,False,False,False,False,True
314,T4_from_thyroglobulin_by_TPO_complex,False,,False,,False,,False,False,False,False,True
315,TRH_from_Pro-TRH_by_PCSK1_complex,False,,False,,False,,False,False,False,False,True
316,TSH_from_ glcoprotein-hormones-alpha-chain_thyrotropin-subunit-beta_complex,False,,False,,False,,False,False,False,False,True
317,Testosterone_from_DHEA_by_HSD3B1_complex,False,,False,,False,,False,False,False,False,True
318,activinAB_from_subunit-betaA_subunit-betaB_complex,False,,False,,False,,False,False,False,False,True
319,alpha-inhibin92_alpha-inhibin31_seminal-basic-protein_fromSemenogelin-1_by_PSH_complex,False,,False,,False,,False,False,False,False,True
320,alpha-inhibin92_alpha-inhibin31_seminal-basic-protein_fromSemenogelin-1_by_TG_complex,False,,False,,False,,False,False,False,False,True
321,gamma3MSH_ACTH117_CLIP_gammaLPH_betaEP_betaMSH_from_POMC_by_PCSK1_PCSK2_complex,False,,False,,False,,False,False,False,False,True
322,inhibinA_from_subunit-alpha_subunit-betaA_complex,False,,False,,False,,False,False,False,False,True
323,inhibinB_from_subunit-alpha_subunit-betaB_complex,False,,False,,False,,False,False,False,False,True
324,large-neuromedin_neuromedin_tail-peptide_neurotensin_by_neurotensin_complex,False,,False,,False,,False,False,False,False,True
325,proACTH_progammaMSH_JP_ACTH_betaLPH_from_POMC_by_PCSK1_complex,False,,False,,False,,False,False,False,False,True
326,xenin_proxenin_from_COPI_by_CTSE_complex,False,,False,,False,,False,False,False,False,True
