id_protein,protein_name,tags,tags_reason,tags_description,protein_multidata_id
0,INSR2_HUMAN,To_add,,,0
1,TLR4_HUMAN,To_add,,,1
2,CORT_HUMAN,To_add,,,2
3,NPFF_HUMAN,To_add,,,3
4,VGF_HUMAN,To_add,,,4
5,MTLR_HUMAN,To_add,,,5
6,GON2_HUMAN,To_add,,,6
7,GALR2_HUMAN,To_add,,,7
8,GALR3_HUMAN,To_add,,,8
9,RAMP1_HUMAN,To_add,,,9
10,RAMP2_HUMAN,To_add,,,10
11,RAMP3_HUMAN,To_add,,,11
12,UTS2_HUMAN,To_add,,,12
13,NTR2_HUMAN,To_add,,,13
14,GLP2R_HUMAN,To_add,,,14
15,EPPI_HUMAN,To_add,,,15
16,RENI_HUMAN,To_add,,,16
17,ANGT_HUMAN,To_add,,,17
18,GON1_HUMAN,To_add,,,18
19,ANF_HUMAN,To_add,,,19
20,NEU1_HUMAN,To_add,,,20
21,NEU2_HUMAN,To_add,,,21
22,COLI_HUMAN,To_add,,,22
23,PENK_HUMAN,To_add,,,23
24,GLHA_HUMAN,To_add,,,24
25,TSHB_HUMAN,To_add,,,25
26,FSHB_HUMAN,To_add,,,26
27,LSHB_HUMAN,To_add,,,27
28,PRL_HUMAN,To_add,,,28
29,SOMA_HUMAN,To_add,,,29
30,SOM2_HUMAN,To_add,,,30
31,CALC_HUMAN,To_add,,,31
32,THYG_HUMAN,To_add,,,32
33,PTHY_HUMAN,To_add,,,33
34,GLUC_HUMAN,To_add,,,34
35,VIP_HUMAN,To_add,,,35
36,SLIB_HUMAN,To_add,,,36
37,PAHO_HUMAN,To_add,,,37
38,INS_HUMAN,To_add,,,38
39,GAST_HUMAN,To_add,,,39
40,EPO_HUMAN,To_add,,,40
41,ESR1_HUMAN,To_add,,,41
42,MIS_HUMAN,To_add,,,42
43,REL2_HUMAN,To_add,,,43
44,SEMG1_HUMAN,To_add,,,44
45,REL1_HUMAN,To_add,,,45
46,CP17A_HUMAN,To_add,,,46
47,ITB3_HUMAN,To_add,,,47
48,CP11A_HUMAN,To_add,,,48
49,INHA_HUMAN,To_add,,,49
50,ITB1_HUMAN,To_add,,,50
51,INSR_HUMAN,To_add,,,51
52,CCKN_HUMAN,To_add,,,52
53,PRGR_HUMAN,To_add,,,53
54,ATPB_HUMAN,To_add,,,54
55,ITAV_HUMAN,To_add,,,55
56,CRF_HUMAN,To_add,,,56
57,LIPL_HUMAN,To_add,,,57
58,CALCA_HUMAN,To_add,,,58
59,TY3H_HUMAN,To_add,,,59
60,PERT_HUMAN,To_add,,,60
61,KLK3_HUMAN,To_add,,,61
62,GRP_HUMAN,To_add,,,62
63,ADRB2_HUMAN,To_add,,,63
64,PGS2_HUMAN,To_add,,,64
65,MCR_HUMAN,To_add,,,65
66,NEP_HUMAN,To_add,,,66
67,INHBA_HUMAN,To_add,,,67
68,ADRB1_HUMAN,To_add,,,68
69,ITA5_HUMAN,To_add,,,69
70,CP21A_HUMAN,To_add,,,70
71,ADA2A_HUMAN,To_add,,,71
72,NMB_HUMAN,To_add,,,72
73,DOPO_HUMAN,To_add,,,73
74,INHBB_HUMAN,To_add,,,74
75,GIP_HUMAN,To_add,,,75
76,SECR_HUMAN,To_add,,,76
77,FURIN_HUMAN,To_add,,,77
78,C1T9A_HUMAN,To_add,,,78
79,CSH1_HUMAN,To_add,,,79
80,CSH2_HUMAN,To_add,,,80
81,CGB3_HUMAN,To_add,,,81
82,CGB7_HUMAN,To_add,,,82
83,PYY_HUMAN,To_add,,,83
84,ANDR_HUMAN,To_add,,,84
85,THA_HUMAN,To_add,,,85
86,THB_HUMAN,To_add,,,86
87,GHR_HUMAN,To_add,,,87
88,IAPP_HUMAN,To_add,,,88
89,PNMT_HUMAN,To_add,,,89
90,CP19A_HUMAN,To_add,,,90
91,PTHR_HUMAN,To_add,,,91
92,ACE_HUMAN,To_add,,,92
93,MOTI_HUMAN,To_add,,,93
94,ADRB3_HUMAN,To_add,,,94
95,3BHS1_HUMAN,To_add,,,95
96,DHB1_HUMAN,To_add,,,96
97,CATE_HUMAN,To_add,,,97
98,DRD2_HUMAN,To_add,,,98
99,IDE_HUMAN,To_add,,,99
100,AMPN_HUMAN,To_add,,,100
101,C11B1_HUMAN,To_add,,,101
102,ANPRA_HUMAN,To_add,,,102
103,PRLR_HUMAN,To_add,,,103
104,TSHR_HUMAN,To_add,,,104
105,NEC2_HUMAN,To_add,,,105
106,CD36_HUMAN,To_add,,,106
107,ANFB_HUMAN,To_add,,,107
108,CBPE_HUMAN,To_add,,,108
109,ANPRC_HUMAN,To_add,,,109
110,ADA2B_HUMAN,To_add,,,110
111,S5A1_HUMAN,To_add,,,111
112,PACA_HUMAN,To_add,,,112
113,ADA2C_HUMAN,To_add,,,113
114,C11B2_HUMAN,To_add,,,114
115,EPOR_HUMAN,To_add,,,115
116,FST_HUMAN,To_add,,,116
117,MCH_HUMAN,To_add,,,117
118,TRH_HUMAN,To_add,,,118
119,ANPRB_HUMAN,To_add,,,119
120,DDC_HUMAN,To_add,,,120
121,DRD1_HUMAN,To_add,,,121
122,DRD4_HUMAN,To_add,,,122
123,DRD5_HUMAN,To_add,,,123
124,GALA_HUMAN,To_add,,,124
125,LSHR_HUMAN,To_add,,,125
126,ANFC_HUMAN,To_add,,,126
127,FSHR_HUMAN,To_add,,,127
128,GUC2C_HUMAN,To_add,,,128
129,ADA1D_HUMAN,To_add,,,129
130,NPY1R_HUMAN,To_add,,,130
131,AVR2A_HUMAN,To_add,,,131
132,NMBR_HUMAN,To_add,,,132
133,NEC1_HUMAN,To_add,,,133
134,GRPR_HUMAN,To_add,,,134
135,AGTR1_HUMAN,To_add,,,135
136,OXYR_HUMAN,To_add,,,136
137,SSR1_HUMAN,To_add,,,137
138,SSR2_HUMAN,To_add,,,138
139,GNRHR_HUMAN,To_add,,,139
140,CALCR_HUMAN,To_add,,,140
141,NTR1_HUMAN,To_add,,,141
142,NEUT_HUMAN,To_add,,,142
143,S5A2_HUMAN,To_add,,,143
144,SSR4_HUMAN,To_add,,,144
145,CCKAR_HUMAN,To_add,,,145
146,GASR_HUMAN,To_add,,,146
147,VIPR1_HUMAN,To_add,,,147
148,MC4R_HUMAN,To_add,,,148
149,SSR3_HUMAN,To_add,,,149
150,MC5R_HUMAN,To_add,,,150
151,TRFR_HUMAN,To_add,,,151
152,CRFR1_HUMAN,To_add,,,152
153,ADML_HUMAN,To_add,,,153
154,SSR5_HUMAN,To_add,,,154
155,ADA1A_HUMAN,To_add,,,155
156,ADA1B_HUMAN,To_add,,,156
157,OPRM_HUMAN,To_add,,,157
158,APJ_HUMAN,To_add,,,158
159,DRD3_HUMAN,To_add,,,159
160,FBN1_HUMAN,To_add,,,160
161,BMR1A_HUMAN,To_add,,,161
162,DHB3_HUMAN,To_add,,,162
163,V1AR_HUMAN,To_add,,,163
164,TPO_HUMAN,To_add,,,164
165,TPOR_HUMAN,To_add,,,165
166,OPRX_HUMAN,To_add,,,166
167,LEP_HUMAN,To_add,,,167
168,PACR_HUMAN,To_add,,,168
169,VIPR2_HUMAN,To_add,,,169
170,MC3R_HUMAN,To_add,,,170
171,ASIP_HUMAN,To_add,,,171
172,GLP1R_HUMAN,To_add,,,172
173,ASMT_HUMAN,To_add,,,173
174,GALR1_HUMAN,To_add,,,174
175,GLR_HUMAN,To_add,,,175
176,SCTR_HUMAN,To_add,,,176
177,V1BR_HUMAN,To_add,,,177
178,MTR1A_HUMAN,To_add,,,178
179,LEPR_HUMAN,To_add,,,179
180,GIPR_HUMAN,To_add,,,180
181,NPY2R_HUMAN,To_add,,,181
182,PTH2R_HUMAN,To_add,,,182
183,TGM4_HUMAN,To_add,,,183
184,MTR1B_HUMAN,To_add,,,184
185,STAR_HUMAN,To_add,,,185
186,IOD1_HUMAN,To_add,,,186
187,AGTR2_HUMAN,To_add,,,187
188,NPY4R_HUMAN,To_add,,,188
189,INSL3_HUMAN,To_add,,,189
190,THOP1_HUMAN,To_add,,,190
191,COPA_HUMAN,To_add,,,191
192,IOD3_HUMAN,To_add,,,192
193,UCN1_HUMAN,To_add,,,193
194,INHBC_HUMAN,To_add,,,194
195,INHBE_HUMAN,To_add,,,195
196,SMS_HUMAN,To_add,,,196
197,OSTN_HUMAN,To_add,,,197
198,OLR1_HUMAN,To_add,,,198
199,HEPC_HUMAN,To_add,,,199
200,PRRP_HUMAN,To_add,,,200
201,OX26_HUMAN,To_add,,,201
202,CAP1_HUMAN,To_add,,,202
203,ACTHR_HUMAN,To_add,,,203
204,MSHR_HUMAN,To_add,,,204
205,GHRHR_HUMAN,To_add,,,205
206,GUC2A_HUMAN,To_add,,,206
207,PTH1R_HUMAN,To_add,,,207
208,ACVR1_HUMAN,To_add,,,208
209,AMPE_HUMAN,To_add,,,209
210,CRFR2_HUMAN,To_add,,,210
211,PNOC_HUMAN,To_add,,,211
212,AVR2B_HUMAN,To_add,,,212
213,SREC_HUMAN,To_add,,,213
214,CSHL_HUMAN,To_add,,,214
215,GPR19_HUMAN,To_add,,,215
216,ADIPO_HUMAN,To_add,,,216
217,CART_HUMAN,To_add,,,217
218,C3AR_HUMAN,To_add,,,218
219,CALRL_HUMAN,To_add,,,219
220,SNAT_HUMAN,To_add,,,220
221,AMHR2_HUMAN,To_add,,,221
222,ADIPL_HUMAN,To_add,,,222
223,PAQR6_HUMAN,To_add,,,223
224,ENHO_HUMAN,To_add,,,224
225,ANGL8_HUMAN,To_add,,,225
226,UTS2B_HUMAN,To_add,,,226
227,ADM2_HUMAN,To_add,,,227
228,PAQR2_HUMAN,To_add,,,228
229,HDBP1_HUMAN,To_add,,,229
230,TOR2X_HUMAN,To_add,,,230
231,FNDC5_HUMAN,To_add,,,231
232,OR4M1_HUMAN,To_add,,,232
233,RL3R2_HUMAN,To_add,,,233
234,PAQR8_HUMAN,To_add,,,234
235,RXFP2_HUMAN,To_add,,,235
236,REL3_HUMAN,To_add,,,236
237,ESR2_HUMAN,To_add,,,237
238,IOD2_HUMAN,To_add,,,238
239,PCSK5_HUMAN,To_add,,,239
240,GHSR_HUMAN,To_add,,,240
241,UCN3_HUMAN,To_add,,,241
242,MCHR2_HUMAN,To_add,,,242
243,PAQR1_HUMAN,To_add,,,243
244,QRFPR_HUMAN,To_add,,,244
245,UCN2_HUMAN,To_add,,,245
246,GPHA2_HUMAN,To_add,,,246
247,MCHR1_HUMAN,To_add,,,247
248,SPXN_HUMAN,To_add,,,248
249,ACE2_HUMAN,To_add,,,249
250,NEUL_HUMAN,To_add,,,250
251,NPFF1_HUMAN,To_add,,,251
252,AUGN_HUMAN,To_add,,,252
253,RXFP1_HUMAN,To_add,,,253
254,RETN_HUMAN,To_add,,,254
255,S40A1_HUMAN,To_add,,,255
256,C1QR1_HUMAN,To_add,,,256
257,RL3R1_HUMAN,To_add,,,257
258,STAB1_HUMAN,To_add,,,258
259,GALP_HUMAN,To_add,,,259
260,GP160_HUMAN,To_add,,,260
261,UR2R_HUMAN,To_add,,,261
262,APEL_HUMAN,To_add,,,262
263,CORIN_HUMAN,To_add,,,263
264,INSL5_HUMAN,To_add,,,264
265,NPFF2_HUMAN,To_add,,,265
